query, start at (ms), end at (ms), time (ms)
query 1, 2025-04-06 13:10:52.170, 2025-04-06 13:10:54.057, 1687
query 2, 2025-04-06 13:10:54.059, 2025-04-06 13:10:56.140, 1835
query 3, 2025-04-06 13:10:56.142, 2025-04-06 13:10:56.806, 473
query 4, 2025-04-06 13:10:56.807, 2025-04-06 13:10:57.022, 
query 5, 2025-04-06 13:10:57.023, 2025-04-06 13:10:57.219, 
query 6, 2025-04-06 13:10:57.221, 2025-04-06 13:10:58.243, 808
query 7, 2025-04-06 13:10:58.244, 2025-04-06 13:10:58.703, 256
query 8, 2025-04-06 13:10:58.704, 2025-04-06 13:10:58.911, 
query 9, 2025-04-06 13:10:58.913, 2025-04-06 13:10:59.630, 526
query 10, 2025-04-06 13:10:59.632, 2025-04-06 13:11:00.984, 
query 11, 2025-04-06 13:11:00.986, 2025-04-06 13:11:01.182, 
query 12, 2025-04-06 13:11:01.184, 2025-04-06 13:11:01.376, 
query 13, 2025-04-06 13:11:01.377, 2025-04-06 13:11:01.793, 226
query 14, 2025-04-06 13:11:01.795, 2025-04-06 13:11:02.204, 
query 15, 2025-04-06 13:11:02.205, 2025-04-06 13:11:02.407, 
query 16, 2025-04-06 13:11:02.408, 2025-04-06 13:11:02.601, 
query 17, 2025-04-06 13:11:02.602, 2025-04-06 13:11:03.591, 796
query 18, 2025-04-06 13:11:03.592, 2025-04-06 13:11:03.809, 
query 19, 2025-04-06 13:11:03.810, 2025-04-06 13:11:04.007, 
query 20, 2025-04-06 13:11:04.009, 2025-04-06 13:11:04.220, 
query 21, 2025-04-06 13:11:04.221, 2025-04-06 13:11:04.434, 
query 22, 2025-04-06 13:11:04.436, 2025-04-06 13:11:04.645, 
query 23, 2025-04-06 13:11:04.647, 2025-04-06 13:11:04.854, 
query 24, 2025-04-06 13:11:04.855, 2025-04-06 13:11:06.940, 1510
query 25, 2025-04-06 13:11:06.942, 2025-04-06 13:11:07.729, 583
query 26, 2025-04-06 13:11:07.731, 2025-04-06 13:11:08.119, 184
query 27, 2025-04-06 13:11:08.120, 2025-04-06 13:11:08.329, 
query 28, 2025-04-06 13:11:08.331, 2025-04-06 13:11:08.707, 
query 29, 2025-04-06 13:11:08.708, 2025-04-06 13:11:09.637, 737
query 30, 2025-04-06 13:11:09.639, 2025-04-06 13:11:09.849, 
query 31, 2025-04-06 13:11:09.850, 2025-04-06 13:11:10.055, 
query 32, 2025-04-06 13:11:10.057, 2025-04-06 13:11:10.260, 
query 33, 2025-04-06 13:11:10.262, 2025-04-06 13:11:11.343, 884
query 34, 2025-04-06 13:11:11.345, 2025-04-06 13:11:12.228, 693
query 35, 2025-04-06 13:11:12.230, 2025-04-06 13:11:13.193, 
query 36, 2025-04-06 13:11:13.195, 2025-04-06 13:11:13.418, 
query 37, 2025-04-06 13:11:13.419, 2025-04-06 13:11:13.633, 
query 38, 2025-04-06 13:11:13.634, 2025-04-06 13:11:13.852, 
query 39, 2025-04-06 13:11:13.853, 2025-04-06 13:11:14.065, 
query 40, 2025-04-06 13:11:14.066, 2025-04-06 13:11:14.274, 
query 41, 2025-04-06 13:11:14.275, 2025-04-06 13:11:15.599, 1117
query 42, 2025-04-06 13:11:15.601, 2025-04-06 13:11:15.911, 119
query 43, 2025-04-06 13:11:15.912, 2025-04-06 13:11:16.227, 124
query 44, 2025-04-06 13:11:16.229, 2025-04-06 13:11:16.665, 
query 45, 2025-04-06 13:11:16.667, 2025-04-06 13:11:16.860, 
query 46, 2025-04-06 13:11:16.861, 2025-04-06 13:11:17.789, 735
query 47, 2025-04-06 13:11:17.791, 2025-04-06 13:11:17.982, 
query 48, 2025-04-06 13:11:17.983, 2025-04-06 13:11:18.318, 146
query 49, 2025-04-06 13:11:18.320, 2025-04-06 13:11:18.552, 
query 50, 2025-04-06 13:11:18.554, 2025-04-06 13:11:18.913, 162
query 51, 2025-04-06 13:11:18.914, 2025-04-06 13:11:19.117, 
query 52, 2025-04-06 13:11:19.119, 2025-04-06 13:11:19.730, 421
query 53, 2025-04-06 13:11:19.731, 2025-04-06 13:11:20.311, 390
query 54, 2025-04-06 13:11:20.312, 2025-04-06 13:11:22.417, 1900
query 55, 2025-04-06 13:11:22.418, 2025-04-06 13:11:23.109, 489
query 56, 2025-04-06 13:11:23.111, 2025-04-06 13:11:23.993, 673
query 57, 2025-04-06 13:11:23.994, 2025-04-06 13:11:24.199, 
query 58, 2025-04-06 13:11:24.201, 2025-04-06 13:11:25.403, 986
query 59, 2025-04-06 13:11:25.404, 2025-04-06 13:11:26.583, 975
query 60, 2025-04-06 13:11:26.584, 2025-04-06 13:11:27.129, 336
query 61, 2025-04-06 13:11:27.131, 2025-04-06 13:11:27.864, 527
query 62, 2025-04-06 13:11:27.866, 2025-04-06 13:11:28.230, 161
query 63, 2025-04-06 13:11:28.231, 2025-04-06 13:11:28.615, 182
query 64, 2025-04-06 13:11:28.616, 2025-04-06 13:11:30.120, 1304
query 65, 2025-04-06 13:11:30.121, 2025-04-06 13:11:30.849, 537
query 66, 2025-04-06 13:11:30.851, 2025-04-06 13:11:31.054, 
query 67, 2025-04-06 13:11:31.056, 2025-04-06 13:11:31.254, 
query 68, 2025-04-06 13:11:31.256, 2025-04-06 13:11:32.181, 733
query 69, 2025-04-06 13:11:32.183, 2025-04-06 13:11:32.932, 
query 70, 2025-04-06 13:11:32.933, 2025-04-06 13:11:33.137, 
query 71, 2025-04-06 13:11:33.138, 2025-04-06 13:11:34.512, 1177
query 72, 2025-04-06 13:11:34.513, 2025-04-06 13:11:34.709, 
query 73, 2025-04-06 13:11:34.711, 2025-04-06 13:11:35.565, 662
query 74, 2025-04-06 13:11:35.567, 2025-04-06 13:11:35.757, 
query 75, 2025-04-06 13:11:35.758, 2025-04-06 13:11:35.950, 
query 76, 2025-04-06 13:11:35.951, 2025-04-06 13:11:36.151, 
query 77, 2025-04-06 13:11:36.153, 2025-04-06 13:11:36.347, 
query 78, 2025-04-06 13:11:36.348, 2025-04-06 13:11:39.211, 2625
query 79, 2025-04-06 13:11:39.212, 2025-04-06 13:11:40.054, 651
query 80, 2025-04-06 13:11:40.056, 2025-04-06 13:11:40.249, 
query 81, 2025-04-06 13:11:40.250, 2025-04-06 13:11:41.665, 1206
query 82, 2025-04-06 13:11:41.666, 2025-04-06 13:11:41.857, 
query 83, 2025-04-06 13:11:41.859, 2025-04-06 13:11:42.868, 814
query 84, 2025-04-06 13:11:42.870, 2025-04-06 13:11:43.067, 
query 85, 2025-04-06 13:11:43.069, 2025-04-06 13:11:43.261, 
query 86, 2025-04-06 13:11:43.263, 2025-04-06 13:11:43.462, 
query 87, 2025-04-06 13:11:43.464, 2025-04-06 13:11:43.662, 
query 88, 2025-04-06 13:11:43.664, 2025-04-06 13:11:44.126, 
query 89, 2025-04-06 13:11:44.127, 2025-04-06 13:11:45.016, 696
query 90, 2025-04-06 13:11:45.018, 2025-04-06 13:11:45.208, 
query 91, 2025-04-06 13:11:45.209, 2025-04-06 13:11:45.534, 135
query 92, 2025-04-06 13:11:45.536, 2025-04-06 13:11:45.727, 
query 93, 2025-04-06 13:11:45.728, 2025-04-06 13:11:46.040, 122
query 94, 2025-04-06 13:11:46.042, 2025-04-06 13:11:46.232, 
query 95, 2025-04-06 13:11:46.234, 2025-04-06 13:11:46.424, 
query 96, 2025-04-06 13:11:46.426, 2025-04-06 13:11:46.721, 106
query 97, 2025-04-06 13:11:46.723, 2025-04-06 13:11:46.920, 
query 98, 2025-04-06 13:11:46.921, 2025-04-06 13:11:47.111, 
query 99, 2025-04-06 13:11:47.113, 2025-04-06 13:11:47.456, 153
