CPU_time(ms), CPU_USAGE(%), GPU_time(ms), GPU_USAGE(%), RAM_time(ms), RAM_USED(Gb), VRAM_time(ms), VRAM_USED(Gb), POWER_time(ms), POWER_USE(W)
2025-04-10 13:27:40.172, 19.00, 2025-04-10 13:27:41.175, 4, 2025-04-10 13:27:41.198, 3.04, 2025-04-10 13:27:41.202, 4.12, 2025-04-10 13:27:41.223, 25.54
2025-04-10 13:27:40.273, 23.33, 2025-04-10 13:27:41.276, 0, 2025-04-10 13:27:41.298, 3.05, 2025-04-10 13:27:41.302, 4.12, 2025-04-10 13:27:41.321, 25.64
2025-04-10 13:27:40.375, 28.75, 2025-04-10 13:27:41.382, 0, 2025-04-10 13:27:41.426, 3.08, 2025-04-10 13:27:41.434, 4.12, 2025-04-10 13:27:41.475, 25.54
2025-04-10 13:27:40.476, 38.60, 2025-04-10 13:27:41.484, 4, 2025-04-10 13:27:41.523, 3.07, 2025-04-10 13:27:41.530, 4.12, 2025-04-10 13:27:41.560, 25.64
2025-04-10 13:27:40.577, 48.75, 2025-04-10 13:27:41.581, 4, 2025-04-10 13:27:41.617, 3.09, 2025-04-10 13:27:41.623, 4.12, 2025-04-10 13:27:41.657, 25.64
2025-04-10 13:27:40.678, 57.79, 2025-04-10 13:27:41.685, 0, 2025-04-10 13:27:41.719, 3.09, 2025-04-10 13:27:41.726, 4.12, 2025-04-10 13:27:41.755, 25.64
2025-04-10 13:27:40.780, 65.08, 2025-04-10 13:27:41.789, 0, 2025-04-10 13:27:41.823, 3.08, 2025-04-10 13:27:41.830, 4.12, 2025-04-10 13:27:41.853, 25.64
2025-04-10 13:27:40.881, 72.07, 2025-04-10 13:27:41.887, 0, 2025-04-10 13:27:41.922, 3.08, 2025-04-10 13:27:41.935, 4.12, 2025-04-10 13:27:41.971, 25.64
2025-04-10 13:27:40.983, 78.16, 2025-04-10 13:27:41.997, 0, 2025-04-10 13:27:42.039, 3.10, 2025-04-10 13:27:42.049, 4.12, 2025-04-10 13:27:42.084, 25.58
2025-04-10 13:27:41.084, 82.83, 2025-04-10 13:27:42.091, 0, 2025-04-10 13:27:42.131, 3.10, 2025-04-10 13:27:42.140, 4.12, 2025-04-10 13:27:42.169, 25.64
2025-04-10 13:27:41.187, 89.78, 2025-04-10 13:27:42.195, 0, 2025-04-10 13:27:42.237, 3.10, 2025-04-10 13:27:42.252, 4.12, 2025-04-10 13:27:42.285, 25.54
2025-04-10 13:27:41.288, 95.99, 2025-04-10 13:27:42.323, 0, 2025-04-10 13:27:42.356, 3.11, 2025-04-10 13:27:42.360, 4.12, 2025-04-10 13:27:42.380, 25.73
2025-04-10 13:27:41.395, 97.75, 2025-04-10 13:27:42.408, 0, 2025-04-10 13:27:42.454, 3.12, 2025-04-10 13:27:42.468, 4.12, 2025-04-10 13:27:42.520, 25.64
2025-04-10 13:27:41.496, 97.75, 2025-04-10 13:27:42.506, 0, 2025-04-10 13:27:42.554, 3.13, 2025-04-10 13:27:42.570, 4.12, 2025-04-10 13:27:42.612, 25.78
2025-04-10 13:27:41.601, 97.76, 2025-04-10 13:27:42.610, 0, 2025-04-10 13:27:42.661, 3.14, 2025-04-10 13:27:42.671, 4.12, 2025-04-10 13:27:42.718, 25.74
2025-04-10 13:27:41.707, 97.76, 2025-04-10 13:27:42.716, 0, 2025-04-10 13:27:42.759, 3.14, 2025-04-10 13:27:42.776, 4.12, 2025-04-10 13:27:42.825, 25.73
2025-04-10 13:27:41.811, 97.74, 2025-04-10 13:27:42.822, 0, 2025-04-10 13:27:42.874, 3.13, 2025-04-10 13:27:42.881, 4.12, 2025-04-10 13:27:42.909, 25.73
2025-04-10 13:27:41.911, 97.99, 2025-04-10 13:27:42.918, 0, 2025-04-10 13:27:42.958, 3.14, 2025-04-10 13:27:42.970, 4.12, 2025-04-10 13:27:43.008, 25.84
2025-04-10 13:27:42.015, 97.99, 2025-04-10 13:27:43.026, 0, 2025-04-10 13:27:43.071, 3.15, 2025-04-10 13:27:43.083, 4.12, 2025-04-10 13:27:43.111, 25.74
2025-04-10 13:27:42.115, 98.00, 2025-04-10 13:27:43.133, 0, 2025-04-10 13:27:43.175, 3.16, 2025-04-10 13:27:43.184, 4.12, 2025-04-10 13:27:43.215, 25.73
2025-04-10 13:27:42.218, 97.99, 2025-04-10 13:27:43.224, 0, 2025-04-10 13:27:43.261, 3.16, 2025-04-10 13:27:43.273, 4.12, 2025-04-10 13:27:43.315, 25.74
2025-04-10 13:27:42.326, 97.99, 2025-04-10 13:27:43.336, 0, 2025-04-10 13:27:43.363, 3.16, 2025-04-10 13:27:43.368, 4.12, 2025-04-10 13:27:43.391, 27.16
2025-04-10 13:27:42.431, 97.26, 2025-04-10 13:27:43.447, 0, 2025-04-10 13:27:43.485, 3.17, 2025-04-10 13:27:43.496, 4.12, 2025-04-10 13:27:43.523, 25.68
2025-04-10 13:27:42.550, 97.02, 2025-04-10 13:27:43.558, 7, 2025-04-10 13:27:43.604, 3.20, 2025-04-10 13:27:43.613, 4.12, 2025-04-10 13:27:43.643, 25.64
2025-04-10 13:27:42.650, 97.02, 2025-04-10 13:27:43.661, 7, 2025-04-10 13:27:43.708, 3.20, 2025-04-10 13:27:43.719, 4.12, 2025-04-10 13:27:43.790, 25.64
2025-04-10 13:27:42.761, 97.01, 2025-04-10 13:27:43.769, 0, 2025-04-10 13:27:43.805, 3.21, 2025-04-10 13:27:43.814, 4.12, 2025-04-10 13:27:43.843, 25.64
2025-04-10 13:27:42.861, 97.01, 2025-04-10 13:27:43.869, 0, 2025-04-10 13:27:43.898, 3.23, 2025-04-10 13:27:43.909, 4.12, 2025-04-10 13:27:43.939, 25.64
2025-04-10 13:27:42.962, 97.24, 2025-04-10 13:27:43.970, 0, 2025-04-10 13:27:44.040, 3.23, 2025-04-10 13:27:44.044, 4.12, 2025-04-10 13:27:44.073, 25.63
2025-04-10 13:27:43.063, 97.26, 2025-04-10 13:27:44.078, 0, 2025-04-10 13:27:44.140, 3.25, 2025-04-10 13:27:44.147, 4.12, 2025-04-10 13:27:44.178, 25.64
2025-04-10 13:27:43.168, 97.24, 2025-04-10 13:27:44.178, 0, 2025-04-10 13:27:44.225, 3.24, 2025-04-10 13:27:44.232, 4.12, 2025-04-10 13:27:44.262, 25.64
2025-04-10 13:27:43.273, 97.25, 2025-04-10 13:27:44.285, 0, 2025-04-10 13:27:44.330, 3.25, 2025-04-10 13:27:44.342, 4.12, 2025-04-10 13:27:44.374, 25.66
2025-04-10 13:27:43.370, 98.25, 2025-04-10 13:27:44.375, 0, 2025-04-10 13:27:44.409, 3.26, 2025-04-10 13:27:44.414, 4.12, 2025-04-10 13:27:44.435, 25.66
2025-04-10 13:27:43.477, 97.51, 2025-04-10 13:27:44.484, 0, 2025-04-10 13:27:44.520, 3.27, 2025-04-10 13:27:44.533, 4.12, 2025-04-10 13:27:44.571, 25.64
2025-04-10 13:27:43.577, 97.76, 2025-04-10 13:27:44.587, 0, 2025-04-10 13:27:44.634, 3.30, 2025-04-10 13:27:44.645, 4.12, 2025-04-10 13:27:44.690, 25.64
2025-04-10 13:27:43.689, 97.76, 2025-04-10 13:27:44.705, 0, 2025-04-10 13:27:44.758, 3.32, 2025-04-10 13:27:44.775, 4.12, 2025-04-10 13:27:44.822, 25.60
2025-04-10 13:27:43.788, 97.76, 2025-04-10 13:27:44.805, 0, 2025-04-10 13:27:44.851, 3.32, 2025-04-10 13:27:44.865, 4.12, 2025-04-10 13:27:44.907, 25.74
2025-04-10 13:27:43.891, 97.77, 2025-04-10 13:27:44.899, 0, 2025-04-10 13:27:44.934, 3.32, 2025-04-10 13:27:44.939, 4.12, 2025-04-10 13:27:44.981, 25.74
2025-04-10 13:27:43.994, 97.75, 2025-04-10 13:27:45.002, 0, 2025-04-10 13:27:45.031, 3.30, 2025-04-10 13:27:45.040, 4.12, 2025-04-10 13:27:45.078, 25.64
2025-04-10 13:27:44.113, 97.74, 2025-04-10 13:27:45.125, 0, 2025-04-10 13:27:45.159, 3.30, 2025-04-10 13:27:45.166, 4.12, 2025-04-10 13:27:45.191, 25.64
2025-04-10 13:27:44.212, 97.76, 2025-04-10 13:27:45.226, 0, 2025-04-10 13:27:45.294, 3.32, 2025-04-10 13:27:45.302, 4.12, 2025-04-10 13:27:45.375, 25.64
2025-04-10 13:27:44.316, 97.76, 2025-04-10 13:27:45.320, 0, 2025-04-10 13:27:45.370, 3.32, 2025-04-10 13:27:45.377, 4.12, 2025-04-10 13:27:45.404, 25.64
2025-04-10 13:27:44.413, 96.99, 2025-04-10 13:27:45.417, 0, 2025-04-10 13:27:45.442, 3.27, 2025-04-10 13:27:45.446, 4.12, 2025-04-10 13:27:45.469, 25.64
2025-04-10 13:27:44.523, 92.98, 2025-04-10 13:27:45.528, 5, 2025-04-10 13:27:45.551, 3.07, 2025-04-10 13:27:45.555, 4.12, 2025-04-10 13:27:45.577, 25.60
2025-04-10 13:27:44.623, 87.37, 2025-04-10 13:27:45.627, 5, 2025-04-10 13:27:45.648, 3.06, 2025-04-10 13:27:45.652, 4.12, 2025-04-10 13:27:45.672, 25.61
2025-04-10 13:27:44.734, 80.25, 2025-04-10 13:27:45.742, 0, 2025-04-10 13:27:45.766, 3.06, 2025-04-10 13:27:45.770, 4.12, 2025-04-10 13:27:45.792, 25.94
2025-04-10 13:27:44.840, 74.68, 2025-04-10 13:27:45.847, 0, 2025-04-10 13:27:45.870, 3.06, 2025-04-10 13:27:45.874, 4.12, 2025-04-10 13:27:45.894, 25.64
2025-04-10 13:27:44.948, 68.53, 2025-04-10 13:27:45.953, 1, 2025-04-10 13:27:45.977, 3.06, 2025-04-10 13:27:45.981, 4.12, 2025-04-10 13:27:46.002, 25.64
2025-04-10 13:27:45.052, 63.20, 2025-04-10 13:27:46.056, 1, 2025-04-10 13:27:46.081, 3.05, 2025-04-10 13:27:46.085, 4.12, 2025-04-10 13:27:46.106, 25.68
2025-04-10 13:27:45.150, 58.15, 2025-04-10 13:27:46.154, 0, 2025-04-10 13:27:46.177, 3.05, 2025-04-10 13:27:46.181, 4.12, 2025-04-10 13:27:46.200, 25.58
2025-04-10 13:27:45.252, 51.77, 2025-04-10 13:27:46.256, 0, 2025-04-10 13:27:46.278, 3.05, 2025-04-10 13:27:46.282, 4.12, 2025-04-10 13:27:46.305, 25.64
2025-04-10 13:27:45.357, 45.82, 2025-04-10 13:27:46.361, 0, 2025-04-10 13:27:46.384, 3.06, 2025-04-10 13:27:46.388, 4.12, 2025-04-10 13:27:46.406, 25.64
2025-04-10 13:27:45.457, 43.61, 2025-04-10 13:27:46.460, 0, 2025-04-10 13:27:46.482, 3.06, 2025-04-10 13:27:46.486, 4.12, 2025-04-10 13:27:46.504, 25.64
2025-04-10 13:27:45.558, 44.00, 2025-04-10 13:27:46.562, 0, 2025-04-10 13:27:46.591, 3.06, 2025-04-10 13:27:46.596, 4.12, 2025-04-10 13:27:46.622, 25.94
2025-04-10 13:27:45.660, 46.87, 2025-04-10 13:27:46.664, 0, 2025-04-10 13:27:46.689, 3.06, 2025-04-10 13:27:46.693, 4.12, 2025-04-10 13:27:46.716, 25.82
2025-04-10 13:27:45.761, 50.13, 2025-04-10 13:27:46.768, 4, 2025-04-10 13:27:46.793, 3.05, 2025-04-10 13:27:46.798, 4.12, 2025-04-10 13:27:46.819, 25.63
2025-04-10 13:27:45.862, 51.63, 2025-04-10 13:27:46.865, 4, 2025-04-10 13:27:46.886, 3.05, 2025-04-10 13:27:46.891, 4.12, 2025-04-10 13:27:46.912, 25.74
2025-04-10 13:27:45.965, 51.51, 2025-04-10 13:27:46.968, 3, 2025-04-10 13:27:46.992, 3.13, 2025-04-10 13:27:46.996, 4.12, 2025-04-10 13:27:47.017, 25.74
2025-04-10 13:27:46.067, 51.39, 2025-04-10 13:27:47.070, 3, 2025-04-10 13:27:47.092, 3.08, 2025-04-10 13:27:47.096, 4.12, 2025-04-10 13:27:47.114, 25.66
2025-04-10 13:27:46.168, 51.26, 2025-04-10 13:27:47.171, 4, 2025-04-10 13:27:47.193, 3.08, 2025-04-10 13:27:47.197, 4.12, 2025-04-10 13:27:47.216, 25.64
2025-04-10 13:27:46.269, 51.27, 2025-04-10 13:27:47.272, 4, 2025-04-10 13:27:47.296, 3.07, 2025-04-10 13:27:47.300, 4.12, 2025-04-10 13:27:47.319, 25.64
2025-04-10 13:27:46.371, 51.38, 2025-04-10 13:27:47.375, 0, 2025-04-10 13:27:47.397, 3.07, 2025-04-10 13:27:47.401, 4.12, 2025-04-10 13:27:47.421, 25.64
2025-04-10 13:27:46.473, 51.13, 2025-04-10 13:27:47.476, 0, 2025-04-10 13:27:47.500, 3.09, 2025-04-10 13:27:47.505, 4.12, 2025-04-10 13:27:47.525, 25.68
2025-04-10 13:27:46.577, 50.50, 2025-04-10 13:27:47.582, 0, 2025-04-10 13:27:47.605, 3.09, 2025-04-10 13:27:47.609, 4.12, 2025-04-10 13:27:47.629, 27.61
2025-04-10 13:27:46.681, 47.75, 2025-04-10 13:27:47.685, 0, 2025-04-10 13:27:47.707, 3.08, 2025-04-10 13:27:47.712, 4.12, 2025-04-10 13:27:47.732, 25.64
2025-04-10 13:27:46.783, 44.86, 2025-04-10 13:27:47.787, 5, 2025-04-10 13:27:47.809, 3.08, 2025-04-10 13:27:47.813, 4.12, 2025-04-10 13:27:47.832, 25.54
2025-04-10 13:27:46.885, 43.32, 2025-04-10 13:27:47.889, 5, 2025-04-10 13:27:47.914, 3.08, 2025-04-10 13:27:47.918, 4.12, 2025-04-10 13:27:47.940, 25.64
2025-04-10 13:27:46.986, 44.36, 2025-04-10 13:27:47.990, 0, 2025-04-10 13:27:48.013, 3.08, 2025-04-10 13:27:48.017, 4.12, 2025-04-10 13:27:48.036, 25.64
2025-04-10 13:27:47.087, 43.86, 2025-04-10 13:27:48.091, 0, 2025-04-10 13:27:48.123, 3.11, 2025-04-10 13:27:48.143, 4.12, 2025-04-10 13:27:48.205, 25.60
2025-04-10 13:27:47.189, 49.37, 2025-04-10 13:27:48.196, 6, 2025-04-10 13:27:48.257, 3.13, 2025-04-10 13:27:48.269, 4.12, 2025-04-10 13:27:48.318, 25.61
2025-04-10 13:27:47.291, 55.14, 2025-04-10 13:27:48.295, 0, 2025-04-10 13:27:48.356, 3.13, 2025-04-10 13:27:48.365, 4.12, 2025-04-10 13:27:48.410, 25.64
2025-04-10 13:27:47.392, 60.71, 2025-04-10 13:27:48.400, 0, 2025-04-10 13:27:48.458, 3.13, 2025-04-10 13:27:48.467, 4.12, 2025-04-10 13:27:48.515, 25.70
2025-04-10 13:27:47.494, 66.67, 2025-04-10 13:27:48.502, 0, 2025-04-10 13:27:48.548, 3.13, 2025-04-10 13:27:48.558, 4.12, 2025-04-10 13:27:48.616, 25.63
2025-04-10 13:27:47.596, 71.93, 2025-04-10 13:27:48.603, 0, 2025-04-10 13:27:48.657, 3.12, 2025-04-10 13:27:48.670, 4.12, 2025-04-10 13:27:48.702, 25.74
2025-04-10 13:27:47.698, 77.64, 2025-04-10 13:27:48.702, 0, 2025-04-10 13:27:48.743, 3.12, 2025-04-10 13:27:48.751, 4.12, 2025-04-10 13:27:48.789, 25.58
2025-04-10 13:27:47.799, 83.12, 2025-04-10 13:27:48.808, 0, 2025-04-10 13:27:48.850, 3.12, 2025-04-10 13:27:48.865, 4.12, 2025-04-10 13:27:48.899, 25.70
2025-04-10 13:27:47.902, 88.75, 2025-04-10 13:27:48.912, 0, 2025-04-10 13:27:48.947, 3.13, 2025-04-10 13:27:48.955, 4.12, 2025-04-10 13:27:48.994, 25.63
2025-04-10 13:27:48.005, 94.26, 2025-04-10 13:27:49.016, 0, 2025-04-10 13:27:49.055, 3.12, 2025-04-10 13:27:49.067, 4.12, 2025-04-10 13:27:49.112, 25.54
2025-04-10 13:27:48.108, 99.75, 2025-04-10 13:27:49.114, 0, 2025-04-10 13:27:49.151, 3.12, 2025-04-10 13:27:49.158, 4.12, 2025-04-10 13:27:49.183, 27.20
2025-04-10 13:27:48.223, 97.49, 2025-04-10 13:27:49.234, 0, 2025-04-10 13:27:49.290, 3.14, 2025-04-10 13:27:49.305, 4.12, 2025-04-10 13:27:49.342, 25.63
2025-04-10 13:27:48.327, 97.51, 2025-04-10 13:27:49.337, 5, 2025-04-10 13:27:49.371, 3.14, 2025-04-10 13:27:49.383, 4.12, 2025-04-10 13:27:49.414, 25.64
2025-04-10 13:27:48.436, 97.51, 2025-04-10 13:27:49.442, 5, 2025-04-10 13:27:49.482, 3.13, 2025-04-10 13:27:49.487, 4.12, 2025-04-10 13:27:49.510, 25.92
2025-04-10 13:27:48.551, 93.73, 2025-04-10 13:27:49.559, 1, 2025-04-10 13:27:49.581, 3.13, 2025-04-10 13:27:49.586, 4.12, 2025-04-10 13:27:49.607, 25.63
2025-04-10 13:27:48.650, 88.69, 2025-04-10 13:27:49.654, 1, 2025-04-10 13:27:49.674, 3.13, 2025-04-10 13:27:49.678, 4.12, 2025-04-10 13:27:49.697, 25.63
2025-04-10 13:27:48.751, 82.62, 2025-04-10 13:27:49.761, 0, 2025-04-10 13:27:49.788, 3.12, 2025-04-10 13:27:49.795, 4.12, 2025-04-10 13:27:49.814, 25.64
2025-04-10 13:27:48.856, 77.83, 2025-04-10 13:27:49.860, 0, 2025-04-10 13:27:49.882, 3.12, 2025-04-10 13:27:49.886, 4.12, 2025-04-10 13:27:49.908, 25.73
2025-04-10 13:27:48.959, 71.68, 2025-04-10 13:27:49.966, 0, 2025-04-10 13:27:49.987, 3.12, 2025-04-10 13:27:49.991, 4.12, 2025-04-10 13:27:50.011, 25.73
2025-04-10 13:27:49.062, 66.33, 2025-04-10 13:27:50.068, 0, 2025-04-10 13:27:50.090, 3.11, 2025-04-10 13:27:50.095, 4.12, 2025-04-10 13:27:50.118, 25.58
2025-04-10 13:27:49.167, 60.35, 2025-04-10 13:27:50.171, 0, 2025-04-10 13:27:50.196, 3.13, 2025-04-10 13:27:50.201, 4.12, 2025-04-10 13:27:50.223, 25.67
2025-04-10 13:27:49.275, 56.31, 2025-04-10 13:27:50.281, 0, 2025-04-10 13:27:50.305, 3.13, 2025-04-10 13:27:50.309, 4.12, 2025-04-10 13:27:50.332, 30.90
2025-04-10 13:27:49.379, 51.38, 2025-04-10 13:27:50.384, 4, 2025-04-10 13:27:50.404, 3.12, 2025-04-10 13:27:50.408, 4.12, 2025-04-10 13:27:50.426, 25.73
2025-04-10 13:27:49.486, 44.70, 2025-04-10 13:27:50.490, 4, 2025-04-10 13:27:50.513, 3.12, 2025-04-10 13:27:50.517, 4.12, 2025-04-10 13:27:50.536, 25.63
2025-04-10 13:27:49.585, 44.97, 2025-04-10 13:27:50.589, 0, 2025-04-10 13:27:50.614, 3.11, 2025-04-10 13:27:50.618, 4.12, 2025-04-10 13:27:50.641, 25.63
2025-04-10 13:27:49.687, 46.37, 2025-04-10 13:27:50.690, 0, 2025-04-10 13:27:50.711, 3.11, 2025-04-10 13:27:50.715, 4.12, 2025-04-10 13:27:50.733, 25.63
2025-04-10 13:27:49.789, 45.98, 2025-04-10 13:27:50.793, 0, 2025-04-10 13:27:50.816, 3.10, 2025-04-10 13:27:50.820, 4.12, 2025-04-10 13:27:50.840, 25.63
2025-04-10 13:27:49.891, 46.12, 2025-04-10 13:27:50.895, 0, 2025-04-10 13:27:50.917, 3.10, 2025-04-10 13:27:50.921, 4.12, 2025-04-10 13:27:50.940, 25.63
2025-04-10 13:27:49.993, 45.84, 2025-04-10 13:27:50.996, 0, 2025-04-10 13:27:51.019, 3.08, 2025-04-10 13:27:51.022, 4.12, 2025-04-10 13:27:51.041, 25.63
2025-04-10 13:27:50.095, 45.34, 2025-04-10 13:27:51.099, 0, 2025-04-10 13:27:51.119, 3.07, 2025-04-10 13:27:51.123, 4.12, 2025-04-10 13:27:51.145, 25.54
2025-04-10 13:27:50.197, 45.98, 2025-04-10 13:27:51.201, 0, 2025-04-10 13:27:51.223, 3.07, 2025-04-10 13:27:51.227, 4.12, 2025-04-10 13:27:51.247, 25.64
2025-04-10 13:27:50.299, 45.06, 2025-04-10 13:27:51.303, 0, 2025-04-10 13:27:51.324, 3.08, 2025-04-10 13:27:51.328, 4.12, 2025-04-10 13:27:51.348, 25.64
2025-04-10 13:27:50.399, 45.09, 2025-04-10 13:27:51.403, 0, 2025-04-10 13:27:51.431, 3.08, 2025-04-10 13:27:51.436, 4.12, 2025-04-10 13:27:51.459, 25.64
2025-04-10 13:27:50.502, 46.85, 2025-04-10 13:27:51.505, 0, 2025-04-10 13:27:51.529, 3.07, 2025-04-10 13:27:51.533, 4.12, 2025-04-10 13:27:51.554, 25.98
2025-04-10 13:27:50.605, 46.33, 2025-04-10 13:27:51.609, 15, 2025-04-10 13:27:51.632, 3.07, 2025-04-10 13:27:51.636, 4.12, 2025-04-10 13:27:51.657, 25.61
2025-04-10 13:27:50.705, 44.53, 2025-04-10 13:27:51.708, 15, 2025-04-10 13:27:51.732, 3.06, 2025-04-10 13:27:51.737, 4.12, 2025-04-10 13:27:51.758, 25.63
2025-04-10 13:27:50.807, 45.32, 2025-04-10 13:27:51.810, 0, 2025-04-10 13:27:51.832, 3.06, 2025-04-10 13:27:51.836, 4.12, 2025-04-10 13:27:51.855, 25.63
2025-04-10 13:27:50.910, 45.09, 2025-04-10 13:27:51.913, 0, 2025-04-10 13:27:51.936, 3.06, 2025-04-10 13:27:51.940, 4.12, 2025-04-10 13:27:51.960, 25.63
2025-04-10 13:27:51.011, 45.34, 2025-04-10 13:27:52.014, 0, 2025-04-10 13:27:52.038, 3.05, 2025-04-10 13:27:52.042, 4.12, 2025-04-10 13:27:52.062, 25.64
2025-04-10 13:27:51.113, 45.48, 2025-04-10 13:27:52.116, 0, 2025-04-10 13:27:52.137, 3.05, 2025-04-10 13:27:52.141, 4.12, 2025-04-10 13:27:52.162, 25.60
2025-04-10 13:27:51.215, 45.09, 2025-04-10 13:27:52.218, 0, 2025-04-10 13:27:52.241, 3.07, 2025-04-10 13:27:52.246, 4.12, 2025-04-10 13:27:52.266, 25.63
2025-04-10 13:27:51.316, 45.18, 2025-04-10 13:27:52.319, 0, 2025-04-10 13:27:52.340, 3.07, 2025-04-10 13:27:52.344, 4.12, 2025-04-10 13:27:52.362, 25.63
2025-04-10 13:27:51.419, 44.84, 2025-04-10 13:27:52.422, 0, 2025-04-10 13:27:52.445, 3.07, 2025-04-10 13:27:52.449, 4.12, 2025-04-10 13:27:52.468, 25.64
2025-04-10 13:27:51.522, 44.11, 2025-04-10 13:27:52.525, 0, 2025-04-10 13:27:52.548, 3.07, 2025-04-10 13:27:52.552, 4.12, 2025-04-10 13:27:52.570, 25.64
2025-04-10 13:27:51.623, 43.97, 2025-04-10 13:27:52.627, 0, 2025-04-10 13:27:52.649, 3.07, 2025-04-10 13:27:52.653, 4.12, 2025-04-10 13:27:52.672, 25.63
2025-04-10 13:27:51.725, 43.89, 2025-04-10 13:27:52.728, 0, 2025-04-10 13:27:52.752, 3.07, 2025-04-10 13:27:52.756, 4.12, 2025-04-10 13:27:52.776, 25.63
2025-04-10 13:27:51.826, 43.47, 2025-04-10 13:27:52.830, 0, 2025-04-10 13:27:52.851, 3.07, 2025-04-10 13:27:52.855, 4.12, 2025-04-10 13:27:52.876, 25.63
2025-04-10 13:27:51.928, 43.53, 2025-04-10 13:27:52.931, 0, 2025-04-10 13:27:52.955, 3.07, 2025-04-10 13:27:52.960, 4.12, 2025-04-10 13:27:52.980, 25.67
2025-04-10 13:27:52.030, 43.18, 2025-04-10 13:27:53.033, 0, 2025-04-10 13:27:53.056, 3.06, 2025-04-10 13:27:53.060, 4.12, 2025-04-10 13:27:53.080, 25.63
2025-04-10 13:27:52.130, 43.04, 2025-04-10 13:27:53.134, 0, 2025-04-10 13:27:53.156, 3.07, 2025-04-10 13:27:53.160, 4.12, 2025-04-10 13:27:53.178, 25.63
2025-04-10 13:27:52.233, 43.22, 2025-04-10 13:27:53.236, 0, 2025-04-10 13:27:53.260, 3.07, 2025-04-10 13:27:53.264, 4.12, 2025-04-10 13:27:53.286, 25.61
2025-04-10 13:27:52.333, 42.96, 2025-04-10 13:27:53.337, 1, 2025-04-10 13:27:53.361, 3.07, 2025-04-10 13:27:53.365, 4.12, 2025-04-10 13:27:53.384, 25.81
2025-04-10 13:27:52.436, 43.18, 2025-04-10 13:27:53.439, 1, 2025-04-10 13:27:53.461, 3.08, 2025-04-10 13:27:53.465, 4.12, 2025-04-10 13:27:53.484, 25.63
2025-04-10 13:27:52.538, 42.24, 2025-04-10 13:27:53.541, 0, 2025-04-10 13:27:53.564, 3.08, 2025-04-10 13:27:53.568, 4.12, 2025-04-10 13:27:53.587, 25.63
2025-04-10 13:27:52.639, 42.53, 2025-04-10 13:27:53.642, 0, 2025-04-10 13:27:53.665, 3.08, 2025-04-10 13:27:53.670, 4.12, 2025-04-10 13:27:53.691, 26.41
2025-04-10 13:27:52.741, 42.57, 2025-04-10 13:27:53.744, 1, 2025-04-10 13:27:53.765, 3.10, 2025-04-10 13:27:53.769, 4.12, 2025-04-10 13:27:53.789, 25.73
2025-04-10 13:27:52.842, 42.53, 2025-04-10 13:27:53.845, 1, 2025-04-10 13:27:53.867, 3.10, 2025-04-10 13:27:53.872, 4.12, 2025-04-10 13:27:53.892, 25.74
2025-04-10 13:27:52.945, 42.39, 2025-04-10 13:27:53.948, 2, 2025-04-10 13:27:53.972, 3.09, 2025-04-10 13:27:53.976, 4.12, 2025-04-10 13:27:53.997, 27.20
2025-04-10 13:27:53.046, 42.42, 2025-04-10 13:27:54.049, 2, 2025-04-10 13:27:54.070, 3.09, 2025-04-10 13:27:54.074, 4.12, 2025-04-10 13:27:54.093, 25.82
2025-04-10 13:27:53.147, 42.24, 2025-04-10 13:27:54.150, 0, 2025-04-10 13:27:54.172, 3.09, 2025-04-10 13:27:54.176, 4.12, 2025-04-10 13:27:54.195, 25.74
2025-04-10 13:27:53.248, 42.71, 2025-04-10 13:27:54.252, 0, 2025-04-10 13:27:54.277, 3.09, 2025-04-10 13:27:54.281, 4.12, 2025-04-10 13:27:54.303, 25.78
2025-04-10 13:27:53.350, 42.42, 2025-04-10 13:27:54.354, 1, 2025-04-10 13:27:54.376, 3.09, 2025-04-10 13:27:54.381, 4.12, 2025-04-10 13:27:54.401, 25.81
2025-04-10 13:27:53.452, 42.96, 2025-04-10 13:27:54.455, 1, 2025-04-10 13:27:54.477, 3.09, 2025-04-10 13:27:54.481, 4.12, 2025-04-10 13:27:54.500, 25.82
2025-04-10 13:27:53.554, 42.32, 2025-04-10 13:27:54.557, 0, 2025-04-10 13:27:54.581, 3.09, 2025-04-10 13:27:54.585, 4.12, 2025-04-10 13:27:54.606, 25.73
2025-04-10 13:27:53.656, 43.25, 2025-04-10 13:27:54.659, 0, 2025-04-10 13:27:54.681, 3.09, 2025-04-10 13:27:54.685, 4.12, 2025-04-10 13:27:54.703, 25.82
2025-04-10 13:27:53.757, 42.93, 2025-04-10 13:27:54.760, 1, 2025-04-10 13:27:54.782, 3.09, 2025-04-10 13:27:54.786, 4.12, 2025-04-10 13:27:54.805, 25.82
2025-04-10 13:27:53.859, 43.61, 2025-04-10 13:27:54.862, 1, 2025-04-10 13:27:54.886, 3.05, 2025-04-10 13:27:54.891, 4.12, 2025-04-10 13:27:54.911, 26.23
2025-04-10 13:27:53.961, 43.43, 2025-04-10 13:27:54.964, 15, 2025-04-10 13:27:54.986, 3.05, 2025-04-10 13:27:54.990, 4.12, 2025-04-10 13:27:55.011, 25.73
2025-04-10 13:27:54.062, 43.18, 2025-04-10 13:27:55.065, 15, 2025-04-10 13:27:55.088, 3.05, 2025-04-10 13:27:55.092, 4.12, 2025-04-10 13:27:55.110, 25.63
2025-04-10 13:27:54.163, 43.58, 2025-04-10 13:27:55.167, 5, 2025-04-10 13:27:55.191, 3.07, 2025-04-10 13:27:55.195, 4.12, 2025-04-10 13:27:55.216, 25.91
2025-04-10 13:27:54.266, 43.69, 2025-04-10 13:27:55.269, 5, 2025-04-10 13:27:55.292, 3.08, 2025-04-10 13:27:55.296, 4.12, 2025-04-10 13:27:55.317, 25.73
2025-04-10 13:27:54.367, 44.08, 2025-04-10 13:27:55.370, 4, 2025-04-10 13:27:55.393, 3.08, 2025-04-10 13:27:55.397, 4.12, 2025-04-10 13:27:55.418, 25.73
2025-04-10 13:27:54.469, 43.94, 2025-04-10 13:27:55.472, 4, 2025-04-10 13:27:55.496, 3.08, 2025-04-10 13:27:55.500, 4.12, 2025-04-10 13:27:55.520, 25.63
2025-04-10 13:27:54.570, 44.44, 2025-04-10 13:27:55.574, 0, 2025-04-10 13:27:55.597, 3.08, 2025-04-10 13:27:55.601, 4.12, 2025-04-10 13:27:55.623, 25.68
2025-04-10 13:27:54.672, 44.08, 2025-04-10 13:27:55.675, 0, 2025-04-10 13:27:55.699, 3.08, 2025-04-10 13:27:55.704, 4.12, 2025-04-10 13:27:55.724, 25.68
2025-04-10 13:27:54.774, 44.33, 2025-04-10 13:27:55.777, 0, 2025-04-10 13:27:55.800, 3.08, 2025-04-10 13:27:55.804, 4.12, 2025-04-10 13:27:55.824, 29.41
2025-04-10 13:27:54.875, 44.05, 2025-04-10 13:27:55.878, 0, 2025-04-10 13:27:55.900, 3.08, 2025-04-10 13:27:55.904, 4.12, 2025-04-10 13:27:55.922, 25.63
2025-04-10 13:27:54.977, 43.86, 2025-04-10 13:27:55.980, 4, 2025-04-10 13:27:56.003, 3.08, 2025-04-10 13:27:56.007, 4.12, 2025-04-10 13:27:56.025, 25.63
2025-04-10 13:27:55.079, 43.43, 2025-04-10 13:27:56.082, 4, 2025-04-10 13:27:56.106, 3.08, 2025-04-10 13:27:56.110, 4.12, 2025-04-10 13:27:56.132, 41.77
2025-04-10 13:27:55.181, 43.29, 2025-04-10 13:27:56.184, 15, 2025-04-10 13:27:56.207, 3.09, 2025-04-10 13:27:56.211, 4.12, 2025-04-10 13:27:56.229, 25.63
2025-04-10 13:27:55.281, 43.61, 2025-04-10 13:27:56.285, 15, 2025-04-10 13:27:56.307, 3.09, 2025-04-10 13:27:56.311, 4.12, 2025-04-10 13:27:56.330, 25.64
2025-04-10 13:27:55.384, 43.47, 2025-04-10 13:27:56.387, 0, 2025-04-10 13:27:56.412, 3.09, 2025-04-10 13:27:56.416, 4.12, 2025-04-10 13:27:56.437, 25.74
2025-04-10 13:27:55.485, 44.47, 2025-04-10 13:27:56.490, 0, 2025-04-10 13:27:56.516, 3.09, 2025-04-10 13:27:56.520, 4.12, 2025-04-10 13:27:56.540, 25.74
2025-04-10 13:27:55.587, 44.81, 2025-04-10 13:27:56.590, 3, 2025-04-10 13:27:56.612, 3.09, 2025-04-10 13:27:56.616, 4.12, 2025-04-10 13:27:56.636, 25.74
2025-04-10 13:27:55.689, 44.86, 2025-04-10 13:27:56.692, 3, 2025-04-10 13:27:56.715, 3.09, 2025-04-10 13:27:56.719, 4.12, 2025-04-10 13:27:56.737, 25.74
2025-04-10 13:27:55.791, 44.84, 2025-04-10 13:27:56.794, 0, 2025-04-10 13:27:56.816, 3.09, 2025-04-10 13:27:56.820, 4.12, 2025-04-10 13:27:56.838, 25.74
2025-04-10 13:27:55.892, 44.72, 2025-04-10 13:27:56.895, 0, 2025-04-10 13:27:56.918, 3.09, 2025-04-10 13:27:56.922, 4.12, 2025-04-10 13:27:56.942, 25.68
2025-04-10 13:27:55.994, 44.72, 2025-04-10 13:27:56.997, 0, 2025-04-10 13:27:57.032, 3.11, 2025-04-10 13:27:57.037, 4.12, 2025-04-10 13:27:57.060, 25.63
2025-04-10 13:27:56.095, 46.33, 2025-04-10 13:27:57.098, 0, 2025-04-10 13:27:57.118, 3.11, 2025-04-10 13:27:57.122, 4.12, 2025-04-10 13:27:57.140, 25.63
2025-04-10 13:27:56.197, 45.69, 2025-04-10 13:27:57.200, 0, 2025-04-10 13:27:57.223, 3.11, 2025-04-10 13:27:57.227, 4.12, 2025-04-10 13:27:57.245, 25.63
2025-04-10 13:27:56.299, 46.23, 2025-04-10 13:27:57.302, 0, 2025-04-10 13:27:57.326, 3.11, 2025-04-10 13:27:57.331, 4.12, 2025-04-10 13:27:57.353, 27.10
2025-04-10 13:27:56.399, 46.72, 2025-04-10 13:27:57.403, 7, 2025-04-10 13:27:57.426, 3.09, 2025-04-10 13:27:57.430, 4.12, 2025-04-10 13:27:57.450, 25.63
2025-04-10 13:27:56.502, 45.34, 2025-04-10 13:27:57.505, 7, 2025-04-10 13:27:57.529, 3.08, 2025-04-10 13:27:57.533, 4.12, 2025-04-10 13:27:57.553, 25.63
2025-04-10 13:27:56.603, 44.67, 2025-04-10 13:27:57.606, 0, 2025-04-10 13:27:57.629, 3.08, 2025-04-10 13:27:57.633, 4.12, 2025-04-10 13:27:57.656, 28.08
2025-04-10 13:27:56.705, 45.45, 2025-04-10 13:27:57.708, 0, 2025-04-10 13:27:57.729, 3.07, 2025-04-10 13:27:57.733, 4.12, 2025-04-10 13:27:57.752, 25.63
2025-04-10 13:27:56.807, 44.78, 2025-04-10 13:27:57.810, 1, 2025-04-10 13:27:57.832, 3.07, 2025-04-10 13:27:57.836, 4.12, 2025-04-10 13:27:57.855, 25.63
2025-04-10 13:27:56.909, 45.09, 2025-04-10 13:27:57.912, 1, 2025-04-10 13:27:57.936, 3.07, 2025-04-10 13:27:57.940, 4.12, 2025-04-10 13:27:57.960, 25.64
2025-04-10 13:27:57.011, 45.96, 2025-04-10 13:27:58.015, 0, 2025-04-10 13:27:58.039, 3.07, 2025-04-10 13:27:58.044, 4.12, 2025-04-10 13:27:58.066, 25.92
2025-04-10 13:27:57.111, 46.98, 2025-04-10 13:27:58.118, 0, 2025-04-10 13:27:58.163, 3.11, 2025-04-10 13:27:58.178, 4.12, 2025-04-10 13:27:58.220, 25.64
2025-04-10 13:27:57.213, 52.78, 2025-04-10 13:27:58.220, 6, 2025-04-10 13:27:58.280, 3.11, 2025-04-10 13:27:58.289, 4.12, 2025-04-10 13:27:58.329, 25.68
2025-04-10 13:27:57.316, 58.85, 2025-04-10 13:27:58.325, 6, 2025-04-10 13:27:58.387, 3.11, 2025-04-10 13:27:58.396, 4.12, 2025-04-10 13:27:58.435, 25.63
2025-04-10 13:27:57.417, 63.54, 2025-04-10 13:27:58.424, 0, 2025-04-10 13:27:58.490, 3.13, 2025-04-10 13:27:58.503, 4.12, 2025-04-10 13:27:58.540, 25.63
2025-04-10 13:27:57.519, 69.58, 2025-04-10 13:27:58.533, 0, 2025-04-10 13:27:58.582, 3.13, 2025-04-10 13:27:58.596, 4.12, 2025-04-10 13:27:58.632, 25.64
2025-04-10 13:27:57.620, 75.13, 2025-04-10 13:27:58.626, 0, 2025-04-10 13:27:58.671, 3.11, 2025-04-10 13:27:58.679, 4.12, 2025-04-10 13:27:58.716, 25.73
2025-04-10 13:27:57.721, 80.70, 2025-04-10 13:27:58.728, 0, 2025-04-10 13:27:58.763, 3.13, 2025-04-10 13:27:58.770, 4.12, 2025-04-10 13:27:58.808, 25.73
2025-04-10 13:27:57.823, 86.78, 2025-04-10 13:27:58.832, 0, 2025-04-10 13:27:58.866, 3.13, 2025-04-10 13:27:58.874, 4.12, 2025-04-10 13:27:58.914, 25.63
2025-04-10 13:27:57.925, 92.46, 2025-04-10 13:27:58.937, 0, 2025-04-10 13:27:58.977, 3.13, 2025-04-10 13:27:58.989, 4.12, 2025-04-10 13:27:59.017, 25.63
2025-04-10 13:27:58.027, 97.25, 2025-04-10 13:27:59.034, 0, 2025-04-10 13:27:59.071, 3.12, 2025-04-10 13:27:59.077, 4.12, 2025-04-10 13:27:59.112, 25.84
2025-04-10 13:27:58.144, 99.25, 2025-04-10 13:27:59.148, 0, 2025-04-10 13:27:59.169, 3.12, 2025-04-10 13:27:59.173, 4.12, 2025-04-10 13:27:59.194, 25.74
2025-04-10 13:27:58.251, 96.76, 2025-04-10 13:27:59.259, 3, 2025-04-10 13:27:59.310, 3.12, 2025-04-10 13:27:59.325, 4.12, 2025-04-10 13:27:59.352, 25.64
2025-04-10 13:27:58.354, 96.76, 2025-04-10 13:27:59.363, 2, 2025-04-10 13:27:59.400, 3.11, 2025-04-10 13:27:59.407, 4.12, 2025-04-10 13:27:59.433, 25.60
2025-04-10 13:27:58.465, 96.77, 2025-04-10 13:27:59.471, 2, 2025-04-10 13:27:59.496, 3.10, 2025-04-10 13:27:59.500, 4.12, 2025-04-10 13:27:59.521, 25.60
2025-04-10 13:27:58.565, 91.77, 2025-04-10 13:27:59.572, 1, 2025-04-10 13:27:59.594, 3.09, 2025-04-10 13:27:59.599, 4.12, 2025-04-10 13:27:59.619, 25.73
2025-04-10 13:27:58.665, 86.47, 2025-04-10 13:27:59.669, 1, 2025-04-10 13:27:59.692, 3.09, 2025-04-10 13:27:59.697, 4.12, 2025-04-10 13:27:59.722, 25.68
2025-04-10 13:27:58.774, 80.45, 2025-04-10 13:27:59.779, 0, 2025-04-10 13:27:59.803, 3.08, 2025-04-10 13:27:59.807, 4.12, 2025-04-10 13:27:59.826, 25.73
2025-04-10 13:27:58.877, 74.56, 2025-04-10 13:27:59.882, 0, 2025-04-10 13:27:59.904, 3.08, 2025-04-10 13:27:59.908, 4.12, 2025-04-10 13:27:59.927, 25.66
2025-04-10 13:27:58.982, 68.17, 2025-04-10 13:27:59.991, 0, 2025-04-10 13:28:00.014, 3.08, 2025-04-10 13:28:00.020, 4.12, 2025-04-10 13:28:00.040, 25.80
2025-04-10 13:27:59.085, 62.94, 2025-04-10 13:28:00.091, 0, 2025-04-10 13:28:00.111, 3.09, 2025-04-10 13:28:00.115, 4.12, 2025-04-10 13:28:00.134, 25.80
2025-04-10 13:27:59.185, 59.45, 2025-04-10 13:28:00.188, 0, 2025-04-10 13:28:00.211, 3.09, 2025-04-10 13:28:00.215, 4.12, 2025-04-10 13:28:00.234, 25.81
2025-04-10 13:27:59.290, 54.91, 2025-04-10 13:28:00.295, 0, 2025-04-10 13:28:00.322, 3.07, 2025-04-10 13:28:00.326, 4.12, 2025-04-10 13:28:00.348, 25.63
2025-04-10 13:27:59.391, 51.77, 2025-04-10 13:28:00.398, 0, 2025-04-10 13:28:00.426, 3.07, 2025-04-10 13:28:00.431, 4.12, 2025-04-10 13:28:00.454, 25.61
2025-04-10 13:27:59.494, 50.00, 2025-04-10 13:28:00.498, 0, 2025-04-10 13:28:00.523, 3.07, 2025-04-10 13:28:00.527, 4.12, 2025-04-10 13:28:00.551, 25.63
2025-04-10 13:27:59.596, 51.63, 2025-04-10 13:28:00.600, 0, 2025-04-10 13:28:00.621, 3.04, 2025-04-10 13:28:00.625, 4.12, 2025-04-10 13:28:00.645, 25.73
2025-04-10 13:27:59.699, 51.38, 2025-04-10 13:28:00.703, 0, 2025-04-10 13:28:00.723, 3.05, 2025-04-10 13:28:00.727, 4.12, 2025-04-10 13:28:00.745, 25.63
2025-04-10 13:27:59.801, 51.63, 2025-04-10 13:28:00.804, 0, 2025-04-10 13:28:00.826, 3.05, 2025-04-10 13:28:00.830, 4.12, 2025-04-10 13:28:00.849, 25.73
2025-04-10 13:27:59.902, 51.75, 2025-04-10 13:28:00.906, 0, 2025-04-10 13:28:00.926, 3.05, 2025-04-10 13:28:00.930, 4.12, 2025-04-10 13:28:00.948, 25.73
2025-04-10 13:28:00.003, 51.37, 2025-04-10 13:28:01.006, 0, 2025-04-10 13:28:01.029, 3.05, 2025-04-10 13:28:01.034, 4.12, 2025-04-10 13:28:01.056, 25.67
2025-04-10 13:28:00.104, 51.76, 2025-04-10 13:28:01.108, 0, 2025-04-10 13:28:01.132, 3.05, 2025-04-10 13:28:01.136, 4.12, 2025-04-10 13:28:01.157, 25.71
2025-04-10 13:28:00.206, 52.00, 2025-04-10 13:28:01.210, 3, 2025-04-10 13:28:01.230, 3.05, 2025-04-10 13:28:01.234, 4.12, 2025-04-10 13:28:01.253, 25.73
2025-04-10 13:28:00.309, 50.38, 2025-04-10 13:28:01.313, 3, 2025-04-10 13:28:01.334, 3.04, 2025-04-10 13:28:01.338, 4.12, 2025-04-10 13:28:01.358, 25.63
2025-04-10 13:28:00.413, 47.49, 2025-04-10 13:28:01.417, 1, 2025-04-10 13:28:01.440, 3.05, 2025-04-10 13:28:01.444, 4.12, 2025-04-10 13:28:01.462, 25.73
2025-04-10 13:28:00.516, 44.33, 2025-04-10 13:28:01.523, 1, 2025-04-10 13:28:01.544, 3.05, 2025-04-10 13:28:01.548, 4.12, 2025-04-10 13:28:01.566, 25.73
2025-04-10 13:28:00.617, 43.50, 2025-04-10 13:28:01.621, 0, 2025-04-10 13:28:01.644, 3.05, 2025-04-10 13:28:01.648, 4.12, 2025-04-10 13:28:01.670, 26.91
2025-04-10 13:28:00.718, 43.22, 2025-04-10 13:28:01.722, 0, 2025-04-10 13:28:01.745, 3.05, 2025-04-10 13:28:01.749, 4.12, 2025-04-10 13:28:01.769, 25.64
2025-04-10 13:28:00.820, 42.93, 2025-04-10 13:28:01.823, 1, 2025-04-10 13:28:01.843, 3.07, 2025-04-10 13:28:01.847, 4.12, 2025-04-10 13:28:01.867, 25.73
2025-04-10 13:28:00.921, 43.07, 2025-04-10 13:28:01.925, 1, 2025-04-10 13:28:01.948, 3.07, 2025-04-10 13:28:01.953, 4.12, 2025-04-10 13:28:01.973, 25.92
2025-04-10 13:28:01.023, 43.47, 2025-04-10 13:28:02.026, 2, 2025-04-10 13:28:02.048, 3.06, 2025-04-10 13:28:02.053, 4.12, 2025-04-10 13:28:02.077, 32.51
2025-04-10 13:28:01.125, 43.47, 2025-04-10 13:28:02.128, 2, 2025-04-10 13:28:02.151, 3.04, 2025-04-10 13:28:02.155, 4.12, 2025-04-10 13:28:02.173, 25.74
2025-04-10 13:28:01.226, 43.22, 2025-04-10 13:28:02.230, 6, 2025-04-10 13:28:02.250, 3.04, 2025-04-10 13:28:02.254, 4.12, 2025-04-10 13:28:02.272, 25.74
2025-04-10 13:28:01.327, 43.22, 2025-04-10 13:28:02.331, 6, 2025-04-10 13:28:02.356, 3.04, 2025-04-10 13:28:02.360, 4.12, 2025-04-10 13:28:02.382, 25.68
2025-04-10 13:28:01.430, 43.36, 2025-04-10 13:28:02.433, 0, 2025-04-10 13:28:02.458, 3.04, 2025-04-10 13:28:02.462, 4.12, 2025-04-10 13:28:02.483, 25.64
2025-04-10 13:28:01.531, 43.72, 2025-04-10 13:28:02.535, 0, 2025-04-10 13:28:02.555, 3.04, 2025-04-10 13:28:02.559, 4.12, 2025-04-10 13:28:02.578, 25.74
2025-04-10 13:28:01.633, 44.47, 2025-04-10 13:28:02.637, 1, 2025-04-10 13:28:02.661, 3.03, 2025-04-10 13:28:02.665, 4.12, 2025-04-10 13:28:02.684, 25.74
2025-04-10 13:28:01.734, 44.44, 2025-04-10 13:28:02.738, 1, 2025-04-10 13:28:02.758, 3.02, 2025-04-10 13:28:02.762, 4.12, 2025-04-10 13:28:02.780, 25.74
2025-04-10 13:28:01.835, 44.05, 2025-04-10 13:28:02.838, 1, 2025-04-10 13:28:02.858, 3.02, 2025-04-10 13:28:02.862, 4.12, 2025-04-10 13:28:02.880, 25.74
2025-04-10 13:28:01.938, 44.33, 2025-04-10 13:28:02.941, 1, 2025-04-10 13:28:02.964, 3.01, 2025-04-10 13:28:02.968, 4.12, 2025-04-10 13:28:02.988, 25.64
2025-04-10 13:28:02.039, 43.94, 2025-04-10 13:28:03.043, 0, 2025-04-10 13:28:03.064, 3.01, 2025-04-10 13:28:03.068, 4.12, 2025-04-10 13:28:03.088, 25.66
2025-04-10 13:28:02.141, 43.22, 2025-04-10 13:28:03.144, 0, 2025-04-10 13:28:03.169, 3.01, 2025-04-10 13:28:03.173, 4.12, 2025-04-10 13:28:03.193, 27.30
2025-04-10 13:28:02.242, 43.72, 2025-04-10 13:28:03.245, 2, 2025-04-10 13:28:03.266, 3.01, 2025-04-10 13:28:03.269, 4.12, 2025-04-10 13:28:03.289, 25.63
2025-04-10 13:28:02.344, 43.86, 2025-04-10 13:28:03.347, 2, 2025-04-10 13:28:03.368, 3.01, 2025-04-10 13:28:03.372, 4.12, 2025-04-10 13:28:03.391, 25.64
2025-04-10 13:28:02.446, 44.05, 2025-04-10 13:28:03.450, 0, 2025-04-10 13:28:03.474, 3.01, 2025-04-10 13:28:03.478, 4.12, 2025-04-10 13:28:03.498, 25.73
2025-04-10 13:28:02.547, 46.10, 2025-04-10 13:28:03.550, 0, 2025-04-10 13:28:03.573, 3.01, 2025-04-10 13:28:03.577, 4.12, 2025-04-10 13:28:03.596, 25.71
2025-04-10 13:28:02.649, 44.81, 2025-04-10 13:28:03.653, 0, 2025-04-10 13:28:03.673, 3.01, 2025-04-10 13:28:03.677, 4.12, 2025-04-10 13:28:03.697, 25.73
2025-04-10 13:28:02.750, 45.73, 2025-04-10 13:28:03.754, 0, 2025-04-10 13:28:03.780, 3.00, 2025-04-10 13:28:03.784, 4.12, 2025-04-10 13:28:03.807, 25.87
2025-04-10 13:28:02.851, 46.33, 2025-04-10 13:28:03.855, 6, 2025-04-10 13:28:03.877, 3.03, 2025-04-10 13:28:03.881, 4.12, 2025-04-10 13:28:03.899, 25.71
2025-04-10 13:28:02.954, 46.10, 2025-04-10 13:28:03.957, 6, 2025-04-10 13:28:03.977, 3.03, 2025-04-10 13:28:03.981, 4.12, 2025-04-10 13:28:03.999, 25.73
2025-04-10 13:28:03.055, 46.50, 2025-04-10 13:28:04.058, 0, 2025-04-10 13:28:04.082, 3.01, 2025-04-10 13:28:04.086, 4.12, 2025-04-10 13:28:04.106, 25.71
2025-04-10 13:28:03.157, 46.23, 2025-04-10 13:28:04.161, 0, 2025-04-10 13:28:04.181, 3.02, 2025-04-10 13:28:04.185, 4.12, 2025-04-10 13:28:04.203, 25.80
2025-04-10 13:28:03.258, 45.61, 2025-04-10 13:28:04.261, 0, 2025-04-10 13:28:04.285, 3.01, 2025-04-10 13:28:04.289, 4.12, 2025-04-10 13:28:04.311, 27.28
2025-04-10 13:28:03.360, 46.38, 2025-04-10 13:28:04.363, 0, 2025-04-10 13:28:04.386, 3.02, 2025-04-10 13:28:04.390, 4.12, 2025-04-10 13:28:04.411, 25.73
2025-04-10 13:28:03.462, 44.72, 2025-04-10 13:28:04.466, 1, 2025-04-10 13:28:04.486, 3.02, 2025-04-10 13:28:04.490, 4.12, 2025-04-10 13:28:04.508, 25.73
2025-04-10 13:28:03.564, 43.32, 2025-04-10 13:28:04.568, 1, 2025-04-10 13:28:04.592, 3.02, 2025-04-10 13:28:04.596, 4.12, 2025-04-10 13:28:04.616, 26.16
2025-04-10 13:28:03.665, 44.11, 2025-04-10 13:28:04.669, 2, 2025-04-10 13:28:04.691, 3.01, 2025-04-10 13:28:04.695, 4.12, 2025-04-10 13:28:04.715, 25.63
2025-04-10 13:28:03.768, 42.93, 2025-04-10 13:28:04.771, 2, 2025-04-10 13:28:04.795, 3.01, 2025-04-10 13:28:04.800, 4.12, 2025-04-10 13:28:04.820, 25.64
2025-04-10 13:28:03.869, 43.32, 2025-04-10 13:28:04.873, 0, 2025-04-10 13:28:04.897, 3.00, 2025-04-10 13:28:04.901, 4.12, 2025-04-10 13:28:04.924, 26.12
2025-04-10 13:28:03.970, 46.87, 2025-04-10 13:28:04.974, 0, 2025-04-10 13:28:05.003, 3.00, 2025-04-10 13:28:05.009, 4.12, 2025-04-10 13:28:05.039, 25.63
2025-04-10 13:28:04.072, 52.75, 2025-04-10 13:28:05.079, 5, 2025-04-10 13:28:05.134, 3.02, 2025-04-10 13:28:05.139, 4.12, 2025-04-10 13:28:05.174, 25.57
2025-04-10 13:28:04.173, 58.46, 2025-04-10 13:28:05.185, 0, 2025-04-10 13:28:05.232, 3.02, 2025-04-10 13:28:05.238, 4.12, 2025-04-10 13:28:05.271, 25.63
2025-04-10 13:28:04.276, 64.25, 2025-04-10 13:28:05.279, 0, 2025-04-10 13:28:05.319, 3.03, 2025-04-10 13:28:05.327, 4.12, 2025-04-10 13:28:05.364, 25.63
2025-04-10 13:28:04.377, 69.83, 2025-04-10 13:28:05.389, 0, 2025-04-10 13:28:05.421, 3.04, 2025-04-10 13:28:05.432, 4.12, 2025-04-10 13:28:05.463, 25.73
2025-04-10 13:28:04.479, 75.51, 2025-04-10 13:28:05.482, 0, 2025-04-10 13:28:05.522, 3.04, 2025-04-10 13:28:05.532, 4.12, 2025-04-10 13:28:05.559, 25.73
2025-04-10 13:28:04.581, 81.45, 2025-04-10 13:28:05.587, 0, 2025-04-10 13:28:05.632, 3.06, 2025-04-10 13:28:05.641, 4.12, 2025-04-10 13:28:05.669, 25.73
2025-04-10 13:28:04.682, 86.32, 2025-04-10 13:28:05.693, 0, 2025-04-10 13:28:05.742, 3.06, 2025-04-10 13:28:05.757, 4.12, 2025-04-10 13:28:05.800, 25.64
2025-04-10 13:28:04.784, 92.02, 2025-04-10 13:28:05.788, 0, 2025-04-10 13:28:05.819, 3.06, 2025-04-10 13:28:05.826, 4.12, 2025-04-10 13:28:05.862, 25.64
2025-04-10 13:28:04.887, 97.51, 2025-04-10 13:28:05.892, 0, 2025-04-10 13:28:05.917, 3.06, 2025-04-10 13:28:05.924, 4.12, 2025-04-10 13:28:05.949, 25.82
2025-04-10 13:28:04.991, 99.25, 2025-04-10 13:28:05.996, 0, 2025-04-10 13:28:06.026, 3.09, 2025-04-10 13:28:06.032, 4.12, 2025-04-10 13:28:06.110, 25.63
2025-04-10 13:28:05.101, 99.25, 2025-04-10 13:28:06.108, 0, 2025-04-10 13:28:06.143, 3.12, 2025-04-10 13:28:06.160, 4.12, 2025-04-10 13:28:06.193, 25.73
2025-04-10 13:28:05.207, 99.25, 2025-04-10 13:28:06.219, 0, 2025-04-10 13:28:06.260, 3.12, 2025-04-10 13:28:06.268, 4.12, 2025-04-10 13:28:06.296, 25.61
2025-04-10 13:28:05.309, 99.25, 2025-04-10 13:28:06.324, 0, 2025-04-10 13:28:06.374, 3.14, 2025-04-10 13:28:06.381, 4.12, 2025-04-10 13:28:06.403, 25.63
2025-04-10 13:28:05.414, 98.25, 2025-04-10 13:28:06.418, 0, 2025-04-10 13:28:06.441, 3.15, 2025-04-10 13:28:06.445, 4.12, 2025-04-10 13:28:06.474, 25.68
2025-04-10 13:28:05.522, 96.25, 2025-04-10 13:28:06.530, 0, 2025-04-10 13:28:06.572, 3.18, 2025-04-10 13:28:06.576, 4.12, 2025-04-10 13:28:06.607, 25.61
2025-04-10 13:28:05.624, 96.28, 2025-04-10 13:28:06.641, 0, 2025-04-10 13:28:06.673, 3.18, 2025-04-10 13:28:06.681, 4.12, 2025-04-10 13:28:06.709, 25.63
2025-04-10 13:28:05.725, 96.76, 2025-04-10 13:28:06.737, 0, 2025-04-10 13:28:06.777, 3.18, 2025-04-10 13:28:06.788, 4.12, 2025-04-10 13:28:06.815, 25.63
2025-04-10 13:28:05.840, 96.76, 2025-04-10 13:28:06.853, 0, 2025-04-10 13:28:06.901, 3.19, 2025-04-10 13:28:06.910, 4.12, 2025-04-10 13:28:06.940, 25.73
2025-04-10 13:28:05.937, 97.00, 2025-04-10 13:28:06.953, 0, 2025-04-10 13:28:06.998, 3.19, 2025-04-10 13:28:07.010, 4.12, 2025-04-10 13:28:07.040, 25.82
2025-04-10 13:28:06.047, 97.01, 2025-04-10 13:28:07.060, 0, 2025-04-10 13:28:07.117, 3.21, 2025-04-10 13:28:07.128, 4.12, 2025-04-10 13:28:07.154, 25.63
2025-04-10 13:28:06.159, 96.74, 2025-04-10 13:28:07.167, 0, 2025-04-10 13:28:07.194, 3.21, 2025-04-10 13:28:07.197, 4.12, 2025-04-10 13:28:07.218, 27.18
2025-04-10 13:28:06.254, 92.48, 2025-04-10 13:28:07.261, 4, 2025-04-10 13:28:07.283, 3.08, 2025-04-10 13:28:07.287, 4.12, 2025-04-10 13:28:07.307, 25.74
2025-04-10 13:28:06.360, 86.40, 2025-04-10 13:28:07.366, 4, 2025-04-10 13:28:07.387, 3.08, 2025-04-10 13:28:07.392, 4.12, 2025-04-10 13:28:07.412, 25.64
2025-04-10 13:28:06.461, 83.92, 2025-04-10 13:28:07.464, 0, 2025-04-10 13:28:07.486, 3.09, 2025-04-10 13:28:07.491, 4.12, 2025-04-10 13:28:07.514, 27.10
2025-04-10 13:28:06.564, 77.89, 2025-04-10 13:28:07.571, 0, 2025-04-10 13:28:07.592, 3.08, 2025-04-10 13:28:07.597, 4.12, 2025-04-10 13:28:07.617, 25.64
2025-04-10 13:28:06.667, 72.18, 2025-04-10 13:28:07.673, 1, 2025-04-10 13:28:07.695, 3.08, 2025-04-10 13:28:07.699, 4.12, 2025-04-10 13:28:07.718, 25.63
2025-04-10 13:28:06.773, 66.33, 2025-04-10 13:28:07.778, 1, 2025-04-10 13:28:07.802, 3.08, 2025-04-10 13:28:07.806, 4.12, 2025-04-10 13:28:07.829, 25.87
2025-04-10 13:28:06.875, 61.15, 2025-04-10 13:28:07.879, 3, 2025-04-10 13:28:07.903, 3.10, 2025-04-10 13:28:07.908, 4.12, 2025-04-10 13:28:07.930, 26.54
2025-04-10 13:28:06.979, 55.39, 2025-04-10 13:28:07.983, 3, 2025-04-10 13:28:08.006, 3.16, 2025-04-10 13:28:08.010, 4.12, 2025-04-10 13:28:08.032, 25.99
2025-04-10 13:28:07.085, 49.50, 2025-04-10 13:28:08.089, 12, 2025-04-10 13:28:08.112, 3.10, 2025-04-10 13:28:08.116, 4.12, 2025-04-10 13:28:08.134, 25.67
2025-04-10 13:28:07.185, 44.19, 2025-04-10 13:28:08.188, 12, 2025-04-10 13:28:08.211, 3.10, 2025-04-10 13:28:08.215, 4.12, 2025-04-10 13:28:08.235, 25.63
2025-04-10 13:28:07.288, 43.43, 2025-04-10 13:28:08.293, 0, 2025-04-10 13:28:08.317, 3.08, 2025-04-10 13:28:08.321, 4.12, 2025-04-10 13:28:08.340, 25.61
2025-04-10 13:28:07.389, 43.83, 2025-04-10 13:28:08.392, 0, 2025-04-10 13:28:08.416, 3.09, 2025-04-10 13:28:08.420, 4.12, 2025-04-10 13:28:08.438, 25.61
2025-04-10 13:28:07.491, 44.14, 2025-04-10 13:28:08.494, 0, 2025-04-10 13:28:08.517, 3.08, 2025-04-10 13:28:08.522, 4.12, 2025-04-10 13:28:08.544, 25.53
2025-04-10 13:28:07.592, 44.36, 2025-04-10 13:28:08.596, 0, 2025-04-10 13:28:08.620, 3.08, 2025-04-10 13:28:08.624, 4.12, 2025-04-10 13:28:08.645, 26.89
2025-04-10 13:28:07.694, 44.61, 2025-04-10 13:28:08.697, 5, 2025-04-10 13:28:08.722, 3.04, 2025-04-10 13:28:08.727, 4.12, 2025-04-10 13:28:08.747, 26.01
2025-04-10 13:28:07.795, 44.33, 2025-04-10 13:28:08.798, 5, 2025-04-10 13:28:08.820, 3.04, 2025-04-10 13:28:08.824, 4.12, 2025-04-10 13:28:08.845, 25.64
2025-04-10 13:28:07.896, 44.50, 2025-04-10 13:28:08.900, 4, 2025-04-10 13:28:08.922, 3.05, 2025-04-10 13:28:08.926, 4.12, 2025-04-10 13:28:08.944, 25.63
2025-04-10 13:28:07.999, 44.47, 2025-04-10 13:28:09.003, 4, 2025-04-10 13:28:09.031, 3.05, 2025-04-10 13:28:09.036, 4.12, 2025-04-10 13:28:09.061, 26.20
2025-04-10 13:28:08.100, 46.25, 2025-04-10 13:28:09.104, 4, 2025-04-10 13:28:09.128, 3.06, 2025-04-10 13:28:09.132, 4.12, 2025-04-10 13:28:09.154, 25.92
2025-04-10 13:28:08.201, 46.60, 2025-04-10 13:28:09.205, 4, 2025-04-10 13:28:09.229, 3.03, 2025-04-10 13:28:09.233, 4.12, 2025-04-10 13:28:09.255, 25.67
2025-04-10 13:28:08.304, 46.75, 2025-04-10 13:28:09.308, 4, 2025-04-10 13:28:09.332, 3.05, 2025-04-10 13:28:09.336, 4.12, 2025-04-10 13:28:09.357, 25.68
2025-04-10 13:28:08.405, 46.60, 2025-04-10 13:28:09.409, 4, 2025-04-10 13:28:09.435, 3.04, 2025-04-10 13:28:09.440, 4.12, 2025-04-10 13:28:09.462, 25.70
2025-04-10 13:28:08.507, 47.38, 2025-04-10 13:28:09.510, 1, 2025-04-10 13:28:09.534, 3.08, 2025-04-10 13:28:09.538, 4.12, 2025-04-10 13:28:09.564, 26.59
2025-04-10 13:28:08.609, 47.12, 2025-04-10 13:28:09.613, 1, 2025-04-10 13:28:09.636, 3.14, 2025-04-10 13:28:09.641, 4.12, 2025-04-10 13:28:09.662, 26.30
2025-04-10 13:28:08.711, 47.36, 2025-04-10 13:28:09.714, 13, 2025-04-10 13:28:09.737, 3.07, 2025-04-10 13:28:09.741, 4.12, 2025-04-10 13:28:09.760, 25.61
2025-04-10 13:28:08.812, 47.00, 2025-04-10 13:28:09.815, 13, 2025-04-10 13:28:09.835, 3.07, 2025-04-10 13:28:09.839, 4.12, 2025-04-10 13:28:09.857, 25.61
2025-04-10 13:28:08.913, 47.00, 2025-04-10 13:28:09.916, 0, 2025-04-10 13:28:09.940, 3.07, 2025-04-10 13:28:09.944, 4.12, 2025-04-10 13:28:09.966, 25.61
2025-04-10 13:28:09.016, 46.10, 2025-04-10 13:28:10.020, 0, 2025-04-10 13:28:10.042, 3.05, 2025-04-10 13:28:10.046, 4.12, 2025-04-10 13:28:10.066, 25.71
2025-04-10 13:28:09.119, 44.47, 2025-04-10 13:28:10.122, 3, 2025-04-10 13:28:10.144, 3.06, 2025-04-10 13:28:10.148, 4.12, 2025-04-10 13:28:10.168, 25.63
2025-04-10 13:28:09.220, 44.08, 2025-04-10 13:28:10.223, 3, 2025-04-10 13:28:10.248, 3.06, 2025-04-10 13:28:10.252, 4.12, 2025-04-10 13:28:10.273, 25.64
2025-04-10 13:28:09.322, 43.94, 2025-04-10 13:28:10.325, 1, 2025-04-10 13:28:10.347, 3.06, 2025-04-10 13:28:10.352, 4.12, 2025-04-10 13:28:10.371, 25.61
2025-04-10 13:28:09.426, 43.80, 2025-04-10 13:28:10.430, 0, 2025-04-10 13:28:10.454, 3.05, 2025-04-10 13:28:10.458, 4.12, 2025-04-10 13:28:10.479, 25.63
2025-04-10 13:28:09.527, 44.19, 2025-04-10 13:28:10.531, 0, 2025-04-10 13:28:10.555, 3.06, 2025-04-10 13:28:10.559, 4.12, 2025-04-10 13:28:10.582, 27.99
2025-04-10 13:28:09.629, 44.47, 2025-04-10 13:28:10.632, 2, 2025-04-10 13:28:10.656, 3.04, 2025-04-10 13:28:10.660, 4.12, 2025-04-10 13:28:10.678, 25.67
2025-04-10 13:28:09.730, 44.08, 2025-04-10 13:28:10.733, 2, 2025-04-10 13:28:10.754, 3.04, 2025-04-10 13:28:10.758, 4.12, 2025-04-10 13:28:10.776, 25.73
2025-04-10 13:28:09.832, 43.89, 2025-04-10 13:28:10.836, 0, 2025-04-10 13:28:10.858, 3.04, 2025-04-10 13:28:10.862, 4.12, 2025-04-10 13:28:10.881, 25.61
2025-04-10 13:28:09.933, 44.22, 2025-04-10 13:28:10.937, 0, 2025-04-10 13:28:10.963, 3.05, 2025-04-10 13:28:10.966, 4.12, 2025-04-10 13:28:10.988, 29.43
2025-04-10 13:28:10.034, 44.22, 2025-04-10 13:28:11.037, 16, 2025-04-10 13:28:11.060, 3.05, 2025-04-10 13:28:11.064, 4.12, 2025-04-10 13:28:11.084, 25.92
2025-04-10 13:28:10.136, 44.11, 2025-04-10 13:28:11.139, 16, 2025-04-10 13:28:11.162, 3.05, 2025-04-10 13:28:11.166, 4.12, 2025-04-10 13:28:11.184, 25.73
2025-04-10 13:28:10.239, 44.11, 2025-04-10 13:28:11.242, 1, 2025-04-10 13:28:11.267, 3.05, 2025-04-10 13:28:11.275, 4.12, 2025-04-10 13:28:11.306, 26.30
2025-04-10 13:28:10.340, 46.23, 2025-04-10 13:28:11.344, 1, 2025-04-10 13:28:11.365, 3.04, 2025-04-10 13:28:11.369, 4.12, 2025-04-10 13:28:11.388, 26.30
2025-04-10 13:28:10.443, 45.98, 2025-04-10 13:28:11.446, 4, 2025-04-10 13:28:11.468, 3.03, 2025-04-10 13:28:11.472, 4.12, 2025-04-10 13:28:11.491, 25.63
2025-04-10 13:28:10.545, 45.48, 2025-04-10 13:28:11.548, 4, 2025-04-10 13:28:11.568, 3.03, 2025-04-10 13:28:11.572, 4.12, 2025-04-10 13:28:11.592, 25.73
2025-04-10 13:28:10.646, 46.23, 2025-04-10 13:28:11.650, 0, 2025-04-10 13:28:11.672, 3.03, 2025-04-10 13:28:11.676, 4.12, 2025-04-10 13:28:11.695, 25.82
2025-04-10 13:28:10.747, 45.98, 2025-04-10 13:28:11.751, 0, 2025-04-10 13:28:11.773, 3.03, 2025-04-10 13:28:11.777, 4.12, 2025-04-10 13:28:11.798, 25.73
2025-04-10 13:28:10.849, 46.37, 2025-04-10 13:28:11.853, 0, 2025-04-10 13:28:11.879, 3.02, 2025-04-10 13:28:11.883, 4.12, 2025-04-10 13:28:11.905, 25.67
2025-04-10 13:28:10.951, 46.73, 2025-04-10 13:28:11.954, 0, 2025-04-10 13:28:11.978, 3.02, 2025-04-10 13:28:11.982, 4.12, 2025-04-10 13:28:12.004, 25.67
2025-04-10 13:28:11.052, 47.00, 2025-04-10 13:28:12.056, 0, 2025-04-10 13:28:12.080, 3.02, 2025-04-10 13:28:12.084, 4.12, 2025-04-10 13:28:12.105, 25.80
2025-04-10 13:28:11.154, 46.98, 2025-04-10 13:28:12.157, 0, 2025-04-10 13:28:12.183, 3.02, 2025-04-10 13:28:12.187, 4.12, 2025-04-10 13:28:12.207, 26.57
2025-04-10 13:28:11.256, 47.12, 2025-04-10 13:28:12.259, 2, 2025-04-10 13:28:12.283, 3.02, 2025-04-10 13:28:12.287, 4.12, 2025-04-10 13:28:12.308, 25.78
2025-04-10 13:28:11.358, 44.75, 2025-04-10 13:28:12.361, 2, 2025-04-10 13:28:12.384, 3.02, 2025-04-10 13:28:12.388, 4.12, 2025-04-10 13:28:12.409, 25.73
2025-04-10 13:28:11.460, 46.37, 2025-04-10 13:28:12.463, 0, 2025-04-10 13:28:12.486, 3.01, 2025-04-10 13:28:12.491, 4.12, 2025-04-10 13:28:12.510, 25.71
2025-04-10 13:28:11.561, 46.35, 2025-04-10 13:28:12.564, 0, 2025-04-10 13:28:12.600, 3.05, 2025-04-10 13:28:12.615, 4.12, 2025-04-10 13:28:12.653, 25.61
2025-04-10 13:28:11.663, 50.63, 2025-04-10 13:28:12.671, 6, 2025-04-10 13:28:12.720, 3.05, 2025-04-10 13:28:12.731, 4.12, 2025-04-10 13:28:12.779, 25.71
2025-04-10 13:28:11.764, 56.50, 2025-04-10 13:28:12.773, 6, 2025-04-10 13:28:12.826, 3.05, 2025-04-10 13:28:12.834, 4.12, 2025-04-10 13:28:12.882, 25.73
2025-04-10 13:28:11.868, 62.16, 2025-04-10 13:28:12.874, 0, 2025-04-10 13:28:12.933, 3.05, 2025-04-10 13:28:12.947, 4.12, 2025-04-10 13:28:12.986, 25.84
2025-04-10 13:28:11.970, 67.67, 2025-04-10 13:28:12.978, 0, 2025-04-10 13:28:13.038, 3.05, 2025-04-10 13:28:13.050, 4.12, 2025-04-10 13:28:13.089, 25.73
2025-04-10 13:28:12.071, 72.98, 2025-04-10 13:28:13.079, 0, 2025-04-10 13:28:13.136, 3.05, 2025-04-10 13:28:13.148, 4.12, 2025-04-10 13:28:13.182, 25.73
2025-04-10 13:28:12.173, 78.45, 2025-04-10 13:28:13.177, 0, 2025-04-10 13:28:13.225, 3.06, 2025-04-10 13:28:13.239, 4.12, 2025-04-10 13:28:13.290, 25.82
2025-04-10 13:28:12.275, 84.25, 2025-04-10 13:28:13.279, 0, 2025-04-10 13:28:13.333, 3.07, 2025-04-10 13:28:13.350, 4.12, 2025-04-10 13:28:13.391, 25.87
2025-04-10 13:28:12.376, 90.02, 2025-04-10 13:28:13.390, 0, 2025-04-10 13:28:13.443, 3.07, 2025-04-10 13:28:13.453, 4.12, 2025-04-10 13:28:13.487, 25.77
2025-04-10 13:28:12.478, 94.28, 2025-04-10 13:28:13.486, 0, 2025-04-10 13:28:13.542, 3.09, 2025-04-10 13:28:13.549, 4.12, 2025-04-10 13:28:13.575, 25.91
2025-04-10 13:28:12.581, 100.00, 2025-04-10 13:28:13.592, 0, 2025-04-10 13:28:13.621, 3.09, 2025-04-10 13:28:13.628, 4.12, 2025-04-10 13:28:13.655, 25.63
2025-04-10 13:28:12.698, 97.51, 2025-04-10 13:28:13.708, 2, 2025-04-10 13:28:13.762, 3.09, 2025-04-10 13:28:13.773, 4.12, 2025-04-10 13:28:13.823, 25.73
2025-04-10 13:28:12.810, 97.28, 2025-04-10 13:28:13.823, 2, 2025-04-10 13:28:13.876, 3.09, 2025-04-10 13:28:13.882, 4.12, 2025-04-10 13:28:13.912, 25.63
2025-04-10 13:28:12.915, 97.28, 2025-04-10 13:28:13.933, 2, 2025-04-10 13:28:13.971, 3.10, 2025-04-10 13:28:13.977, 4.12, 2025-04-10 13:28:13.998, 25.63
2025-04-10 13:28:13.024, 94.26, 2025-04-10 13:28:14.027, 2, 2025-04-10 13:28:14.050, 3.05, 2025-04-10 13:28:14.054, 4.12, 2025-04-10 13:28:14.077, 25.73
2025-04-10 13:28:13.120, 88.72, 2025-04-10 13:28:14.124, 1, 2025-04-10 13:28:14.145, 3.05, 2025-04-10 13:28:14.149, 4.12, 2025-04-10 13:28:14.169, 25.73
2025-04-10 13:28:13.222, 82.88, 2025-04-10 13:28:14.227, 1, 2025-04-10 13:28:14.250, 3.05, 2025-04-10 13:28:14.255, 4.12, 2025-04-10 13:28:14.278, 25.64
2025-04-10 13:28:13.335, 76.31, 2025-04-10 13:28:14.343, 0, 2025-04-10 13:28:14.364, 3.05, 2025-04-10 13:28:14.368, 4.12, 2025-04-10 13:28:14.389, 25.63
2025-04-10 13:28:13.431, 70.75, 2025-04-10 13:28:14.439, 0, 2025-04-10 13:28:14.460, 3.07, 2025-04-10 13:28:14.464, 4.12, 2025-04-10 13:28:14.484, 25.63
2025-04-10 13:28:13.533, 64.99, 2025-04-10 13:28:14.540, 0, 2025-04-10 13:28:14.584, 3.04, 2025-04-10 13:28:14.590, 4.12, 2025-04-10 13:28:14.623, 26.06
2025-04-10 13:28:13.640, 64.68, 2025-04-10 13:28:14.649, 3, 2025-04-10 13:28:14.686, 3.05, 2025-04-10 13:28:14.691, 4.12, 2025-04-10 13:28:14.715, 26.06
2025-04-10 13:28:13.743, 63.38, 2025-04-10 13:28:14.752, 3, 2025-04-10 13:28:14.773, 3.06, 2025-04-10 13:28:14.778, 4.12, 2025-04-10 13:28:14.797, 25.88
2025-04-10 13:28:13.847, 57.54, 2025-04-10 13:28:14.858, 0, 2025-04-10 13:28:14.880, 3.06, 2025-04-10 13:28:14.884, 4.12, 2025-04-10 13:28:14.904, 25.73
2025-04-10 13:28:13.953, 52.02, 2025-04-10 13:28:14.958, 0, 2025-04-10 13:28:14.982, 3.06, 2025-04-10 13:28:14.986, 4.12, 2025-04-10 13:28:15.006, 25.63
2025-04-10 13:28:14.053, 50.88, 2025-04-10 13:28:15.056, 0, 2025-04-10 13:28:15.079, 3.06, 2025-04-10 13:28:15.084, 4.12, 2025-04-10 13:28:15.104, 25.73
2025-04-10 13:28:14.154, 50.38, 2025-04-10 13:28:15.158, 0, 2025-04-10 13:28:15.178, 3.06, 2025-04-10 13:28:15.183, 4.12, 2025-04-10 13:28:15.202, 25.63
2025-04-10 13:28:14.259, 51.01, 2025-04-10 13:28:15.263, 1, 2025-04-10 13:28:15.286, 3.05, 2025-04-10 13:28:15.290, 4.12, 2025-04-10 13:28:15.308, 27.10
2025-04-10 13:28:14.360, 51.39, 2025-04-10 13:28:15.364, 1, 2025-04-10 13:28:15.386, 3.06, 2025-04-10 13:28:15.391, 4.12, 2025-04-10 13:28:15.409, 25.73
2025-04-10 13:28:14.463, 51.01, 2025-04-10 13:28:15.466, 0, 2025-04-10 13:28:15.487, 3.06, 2025-04-10 13:28:15.492, 4.12, 2025-04-10 13:28:15.514, 25.73
2025-04-10 13:28:14.567, 49.87, 2025-04-10 13:28:15.571, 0, 2025-04-10 13:28:15.592, 3.05, 2025-04-10 13:28:15.596, 4.12, 2025-04-10 13:28:15.615, 25.73
2025-04-10 13:28:14.675, 44.22, 2025-04-10 13:28:15.679, 0, 2025-04-10 13:28:15.700, 3.05, 2025-04-10 13:28:15.704, 4.12, 2025-04-10 13:28:15.722, 25.74
2025-04-10 13:28:14.776, 42.71, 2025-04-10 13:28:15.780, 0, 2025-04-10 13:28:15.803, 3.03, 2025-04-10 13:28:15.807, 4.12, 2025-04-10 13:28:15.826, 25.82
2025-04-10 13:28:14.877, 42.57, 2025-04-10 13:28:15.881, 0, 2025-04-10 13:28:15.905, 3.02, 2025-04-10 13:28:15.909, 4.12, 2025-04-10 13:28:15.929, 25.73
2025-04-10 13:28:14.978, 42.75, 2025-04-10 13:28:15.982, 0, 2025-04-10 13:28:16.007, 3.02, 2025-04-10 13:28:16.012, 4.12, 2025-04-10 13:28:16.036, 25.64
2025-04-10 13:28:15.080, 43.32, 2025-04-10 13:28:16.084, 0, 2025-04-10 13:28:16.107, 3.02, 2025-04-10 13:28:16.111, 4.12, 2025-04-10 13:28:16.130, 25.70
2025-04-10 13:28:15.182, 43.58, 2025-04-10 13:28:16.186, 0, 2025-04-10 13:28:16.209, 3.02, 2025-04-10 13:28:16.213, 4.12, 2025-04-10 13:28:16.232, 25.71
2025-04-10 13:28:15.284, 43.86, 2025-04-10 13:28:16.288, 0, 2025-04-10 13:28:16.309, 3.02, 2025-04-10 13:28:16.313, 4.12, 2025-04-10 13:28:16.332, 25.73
2025-04-10 13:28:15.385, 43.50, 2025-04-10 13:28:16.389, 0, 2025-04-10 13:28:16.409, 3.02, 2025-04-10 13:28:16.413, 4.12, 2025-04-10 13:28:16.431, 25.73
2025-04-10 13:28:15.486, 43.50, 2025-04-10 13:28:16.490, 0, 2025-04-10 13:28:16.510, 3.02, 2025-04-10 13:28:16.514, 4.12, 2025-04-10 13:28:16.533, 37.12
2025-04-10 13:28:15.588, 43.47, 2025-04-10 13:28:16.591, 0, 2025-04-10 13:28:16.614, 3.09, 2025-04-10 13:28:16.619, 4.12, 2025-04-10 13:28:16.638, 32.85
2025-04-10 13:28:15.690, 43.43, 2025-04-10 13:28:16.693, 20, 2025-04-10 13:28:16.718, 3.17, 2025-04-10 13:28:16.722, 4.12, 2025-04-10 13:28:16.741, 27.18
2025-04-10 13:28:15.791, 43.32, 2025-04-10 13:28:16.795, 20, 2025-04-10 13:28:16.816, 3.29, 2025-04-10 13:28:16.821, 4.12, 2025-04-10 13:28:16.840, 26.02
2025-04-10 13:28:15.893, 45.48, 2025-04-10 13:28:16.902, 26, 2025-04-10 13:28:16.947, 3.36, 2025-04-10 13:28:16.959, 4.12, 2025-04-10 13:28:16.990, 25.64
2025-04-10 13:28:15.995, 51.01, 2025-04-10 13:28:17.004, 26, 2025-04-10 13:28:17.048, 3.36, 2025-04-10 13:28:17.055, 4.12, 2025-04-10 13:28:17.091, 25.73
2025-04-10 13:28:16.097, 55.64, 2025-04-10 13:28:17.103, 2, 2025-04-10 13:28:17.149, 3.38, 2025-04-10 13:28:17.156, 4.12, 2025-04-10 13:28:17.212, 25.73
2025-04-10 13:28:16.198, 61.21, 2025-04-10 13:28:17.205, 2, 2025-04-10 13:28:17.260, 3.39, 2025-04-10 13:28:17.273, 4.12, 2025-04-10 13:28:17.307, 25.82
2025-04-10 13:28:16.300, 67.00, 2025-04-10 13:28:17.304, 1, 2025-04-10 13:28:17.353, 3.40, 2025-04-10 13:28:17.371, 4.12, 2025-04-10 13:28:17.422, 25.64
2025-04-10 13:28:16.401, 72.25, 2025-04-10 13:28:17.411, 1, 2025-04-10 13:28:17.472, 3.41, 2025-04-10 13:28:17.491, 4.12, 2025-04-10 13:28:17.543, 25.73
2025-04-10 13:28:16.502, 78.09, 2025-04-10 13:28:17.506, 5, 2025-04-10 13:28:17.557, 3.41, 2025-04-10 13:28:17.568, 4.12, 2025-04-10 13:28:17.627, 25.73
2025-04-10 13:28:16.605, 83.88, 2025-04-10 13:28:17.609, 5, 2025-04-10 13:28:17.658, 3.41, 2025-04-10 13:28:17.668, 4.12, 2025-04-10 13:28:17.709, 25.82
2025-04-10 13:28:16.706, 89.53, 2025-04-10 13:28:17.711, 0, 2025-04-10 13:28:17.762, 3.41, 2025-04-10 13:28:17.773, 4.12, 2025-04-10 13:28:17.815, 25.73
2025-04-10 13:28:16.808, 95.49, 2025-04-10 13:28:17.814, 0, 2025-04-10 13:28:17.864, 3.41, 2025-04-10 13:28:17.873, 4.12, 2025-04-10 13:28:17.909, 25.73
2025-04-10 13:28:16.919, 98.75, 2025-04-10 13:28:17.938, 0, 2025-04-10 13:28:17.986, 3.42, 2025-04-10 13:28:17.998, 4.12, 2025-04-10 13:28:18.038, 25.71
2025-04-10 13:28:17.019, 98.76, 2025-04-10 13:28:18.028, 0, 2025-04-10 13:28:18.078, 3.43, 2025-04-10 13:28:18.096, 4.12, 2025-04-10 13:28:18.146, 25.63
2025-04-10 13:28:17.120, 99.25, 2025-04-10 13:28:18.127, 0, 2025-04-10 13:28:18.173, 3.44, 2025-04-10 13:28:18.187, 4.12, 2025-04-10 13:28:18.230, 25.53
2025-04-10 13:28:17.231, 99.25, 2025-04-10 13:28:18.242, 0, 2025-04-10 13:28:18.279, 3.44, 2025-04-10 13:28:18.291, 4.12, 2025-04-10 13:28:18.331, 25.64
2025-04-10 13:28:17.324, 100.00, 2025-04-10 13:28:18.331, 0, 2025-04-10 13:28:18.391, 3.44, 2025-04-10 13:28:18.406, 4.12, 2025-04-10 13:28:18.443, 25.63
2025-04-10 13:28:17.434, 100.00, 2025-04-10 13:28:18.446, 0, 2025-04-10 13:28:18.488, 3.43, 2025-04-10 13:28:18.499, 4.12, 2025-04-10 13:28:18.536, 25.63
2025-04-10 13:28:17.537, 100.00, 2025-04-10 13:28:18.545, 0, 2025-04-10 13:28:18.596, 3.40, 2025-04-10 13:28:18.603, 4.12, 2025-04-10 13:28:18.649, 25.63
2025-04-10 13:28:17.644, 100.00, 2025-04-10 13:28:18.652, 0, 2025-04-10 13:28:18.687, 3.42, 2025-04-10 13:28:18.703, 4.12, 2025-04-10 13:28:18.735, 25.67
2025-04-10 13:28:17.745, 100.00, 2025-04-10 13:28:18.755, 0, 2025-04-10 13:28:18.813, 3.44, 2025-04-10 13:28:18.825, 4.12, 2025-04-10 13:28:18.857, 25.63
2025-04-10 13:28:17.851, 100.00, 2025-04-10 13:28:18.871, 0, 2025-04-10 13:28:18.919, 3.44, 2025-04-10 13:28:18.926, 4.12, 2025-04-10 13:28:18.951, 25.63
2025-04-10 13:28:17.962, 99.25, 2025-04-10 13:28:18.972, 0, 2025-04-10 13:28:18.995, 3.46, 2025-04-10 13:28:19.000, 4.12, 2025-04-10 13:28:19.029, 25.63
2025-04-10 13:28:18.069, 97.74, 2025-04-10 13:28:19.074, 10, 2025-04-10 13:28:19.109, 3.49, 2025-04-10 13:28:19.114, 4.12, 2025-04-10 13:28:19.143, 25.82
2025-04-10 13:28:18.184, 97.52, 2025-04-10 13:28:19.201, 10, 2025-04-10 13:28:19.244, 3.51, 2025-04-10 13:28:19.249, 4.12, 2025-04-10 13:28:19.280, 25.73
2025-04-10 13:28:18.288, 97.51, 2025-04-10 13:28:19.300, 3, 2025-04-10 13:28:19.337, 3.55, 2025-04-10 13:28:19.341, 4.12, 2025-04-10 13:28:19.366, 29.33
2025-04-10 13:28:18.387, 96.49, 2025-04-10 13:28:19.398, 3, 2025-04-10 13:28:19.455, 3.56, 2025-04-10 13:28:19.466, 4.12, 2025-04-10 13:28:19.515, 25.63
2025-04-10 13:28:18.490, 96.51, 2025-04-10 13:28:19.504, 5, 2025-04-10 13:28:19.564, 3.56, 2025-04-10 13:28:19.578, 4.12, 2025-04-10 13:28:19.622, 25.78
2025-04-10 13:28:18.592, 96.49, 2025-04-10 13:28:19.599, 5, 2025-04-10 13:28:19.656, 3.56, 2025-04-10 13:28:19.672, 4.12, 2025-04-10 13:28:19.722, 25.82
2025-04-10 13:28:18.693, 96.50, 2025-04-10 13:28:19.700, 0, 2025-04-10 13:28:19.745, 3.56, 2025-04-10 13:28:19.757, 4.12, 2025-04-10 13:28:19.797, 25.73
2025-04-10 13:28:18.798, 96.49, 2025-04-10 13:28:19.802, 0, 2025-04-10 13:28:19.850, 3.56, 2025-04-10 13:28:19.860, 4.12, 2025-04-10 13:28:19.896, 25.63
2025-04-10 13:28:18.911, 96.52, 2025-04-10 13:28:19.921, 0, 2025-04-10 13:28:19.968, 3.54, 2025-04-10 13:28:19.975, 4.12, 2025-04-10 13:28:20.016, 25.63
2025-04-10 13:28:19.008, 98.50, 2025-04-10 13:28:20.019, 0, 2025-04-10 13:28:20.062, 3.54, 2025-04-10 13:28:20.071, 4.12, 2025-04-10 13:28:20.116, 25.77
2025-04-10 13:28:19.108, 98.74, 2025-04-10 13:28:20.118, 0, 2025-04-10 13:28:20.172, 3.55, 2025-04-10 13:28:20.184, 4.12, 2025-04-10 13:28:20.229, 25.77
2025-04-10 13:28:19.210, 99.01, 2025-04-10 13:28:20.220, 0, 2025-04-10 13:28:20.273, 3.54, 2025-04-10 13:28:20.283, 4.12, 2025-04-10 13:28:20.333, 25.82
2025-04-10 13:28:19.320, 99.00, 2025-04-10 13:28:20.328, 0, 2025-04-10 13:28:20.375, 3.55, 2025-04-10 13:28:20.392, 4.12, 2025-04-10 13:28:20.437, 25.82
2025-04-10 13:28:19.422, 99.75, 2025-04-10 13:28:20.429, 0, 2025-04-10 13:28:20.480, 3.55, 2025-04-10 13:28:20.491, 4.12, 2025-04-10 13:28:20.532, 25.92
2025-04-10 13:28:19.529, 99.75, 2025-04-10 13:28:20.536, 0, 2025-04-10 13:28:20.590, 3.55, 2025-04-10 13:28:20.602, 4.12, 2025-04-10 13:28:20.636, 25.73
2025-04-10 13:28:19.636, 99.75, 2025-04-10 13:28:20.644, 0, 2025-04-10 13:28:20.692, 3.58, 2025-04-10 13:28:20.705, 4.12, 2025-04-10 13:28:20.740, 25.61
2025-04-10 13:28:19.738, 99.75, 2025-04-10 13:28:20.744, 0, 2025-04-10 13:28:20.801, 3.58, 2025-04-10 13:28:20.815, 4.12, 2025-04-10 13:28:20.859, 25.63
2025-04-10 13:28:19.841, 99.75, 2025-04-10 13:28:20.852, 0, 2025-04-10 13:28:20.911, 3.58, 2025-04-10 13:28:20.917, 4.12, 2025-04-10 13:28:20.956, 25.63
2025-04-10 13:28:19.948, 99.75, 2025-04-10 13:28:20.960, 0, 2025-04-10 13:28:21.005, 3.56, 2025-04-10 13:28:21.017, 4.12, 2025-04-10 13:28:21.050, 25.64
2025-04-10 13:28:20.051, 99.75, 2025-04-10 13:28:21.063, 0, 2025-04-10 13:28:21.115, 3.57, 2025-04-10 13:28:21.126, 4.12, 2025-04-10 13:28:21.179, 25.67
2025-04-10 13:28:20.162, 99.75, 2025-04-10 13:28:21.169, 0, 2025-04-10 13:28:21.217, 3.57, 2025-04-10 13:28:21.242, 4.12, 2025-04-10 13:28:21.284, 25.71
2025-04-10 13:28:20.264, 99.75, 2025-04-10 13:28:21.272, 0, 2025-04-10 13:28:21.333, 3.58, 2025-04-10 13:28:21.345, 4.12, 2025-04-10 13:28:21.401, 25.63
2025-04-10 13:28:20.369, 100.00, 2025-04-10 13:28:21.379, 0, 2025-04-10 13:28:21.422, 3.58, 2025-04-10 13:28:21.442, 4.12, 2025-04-10 13:28:21.482, 25.67
2025-04-10 13:28:20.475, 100.00, 2025-04-10 13:28:21.485, 0, 2025-04-10 13:28:21.540, 3.58, 2025-04-10 13:28:21.550, 4.12, 2025-04-10 13:28:21.575, 25.61
2025-04-10 13:28:20.579, 100.00, 2025-04-10 13:28:21.584, 0, 2025-04-10 13:28:21.626, 3.58, 2025-04-10 13:28:21.633, 4.12, 2025-04-10 13:28:21.666, 25.63
2025-04-10 13:28:20.690, 100.00, 2025-04-10 13:28:21.698, 0, 2025-04-10 13:28:21.731, 3.59, 2025-04-10 13:28:21.740, 4.12, 2025-04-10 13:28:21.771, 25.73
2025-04-10 13:28:20.782, 100.00, 2025-04-10 13:28:21.796, 0, 2025-04-10 13:28:21.837, 3.59, 2025-04-10 13:28:21.846, 4.12, 2025-04-10 13:28:21.880, 25.63
2025-04-10 13:28:20.889, 100.00, 2025-04-10 13:28:21.900, 0, 2025-04-10 13:28:21.943, 3.60, 2025-04-10 13:28:21.950, 4.12, 2025-04-10 13:28:21.978, 25.61
2025-04-10 13:28:21.003, 98.26, 2025-04-10 13:28:22.007, 0, 2025-04-10 13:28:22.030, 3.62, 2025-04-10 13:28:22.036, 4.12, 2025-04-10 13:28:22.055, 25.61
2025-04-10 13:28:21.105, 92.98, 2025-04-10 13:28:22.109, 25, 2025-04-10 13:28:22.133, 3.11, 2025-04-10 13:28:22.138, 4.12, 2025-04-10 13:28:22.157, 34.59
2025-04-10 13:28:21.212, 86.68, 2025-04-10 13:28:22.218, 25, 2025-04-10 13:28:22.241, 3.11, 2025-04-10 13:28:22.245, 4.12, 2025-04-10 13:28:22.266, 25.73
2025-04-10 13:28:21.317, 80.75, 2025-04-10 13:28:22.321, 0, 2025-04-10 13:28:22.344, 3.11, 2025-04-10 13:28:22.348, 4.12, 2025-04-10 13:28:22.368, 25.64
2025-04-10 13:28:21.422, 76.07, 2025-04-10 13:28:22.426, 0, 2025-04-10 13:28:22.450, 3.10, 2025-04-10 13:28:22.454, 4.12, 2025-04-10 13:28:22.475, 25.63
2025-04-10 13:28:21.522, 70.60, 2025-04-10 13:28:22.528, 2, 2025-04-10 13:28:22.550, 3.10, 2025-04-10 13:28:22.554, 4.12, 2025-04-10 13:28:22.575, 25.73
2025-04-10 13:28:21.621, 64.90, 2025-04-10 13:28:22.628, 2, 2025-04-10 13:28:22.648, 3.10, 2025-04-10 13:28:22.652, 4.12, 2025-04-10 13:28:22.673, 25.74
2025-04-10 13:28:21.727, 59.24, 2025-04-10 13:28:22.733, 0, 2025-04-10 13:28:22.757, 3.12, 2025-04-10 13:28:22.761, 4.12, 2025-04-10 13:28:22.782, 25.67
2025-04-10 13:28:21.827, 53.77, 2025-04-10 13:28:22.834, 0, 2025-04-10 13:28:22.858, 3.12, 2025-04-10 13:28:22.862, 4.12, 2025-04-10 13:28:22.883, 25.70
2025-04-10 13:28:21.937, 47.47, 2025-04-10 13:28:22.940, 0, 2025-04-10 13:28:22.964, 3.12, 2025-04-10 13:28:22.970, 4.12, 2025-04-10 13:28:22.995, 25.71
2025-04-10 13:28:22.033, 46.84, 2025-04-10 13:28:23.038, 0, 2025-04-10 13:28:23.064, 3.13, 2025-04-10 13:28:23.071, 4.12, 2025-04-10 13:28:23.093, 26.22
2025-04-10 13:28:22.134, 48.11, 2025-04-10 13:28:23.138, 3, 2025-04-10 13:28:23.161, 3.11, 2025-04-10 13:28:23.164, 4.12, 2025-04-10 13:28:23.183, 25.63
2025-04-10 13:28:22.235, 48.23, 2025-04-10 13:28:23.239, 3, 2025-04-10 13:28:23.261, 3.11, 2025-04-10 13:28:23.265, 4.12, 2025-04-10 13:28:23.284, 25.73
2025-04-10 13:28:22.337, 47.98, 2025-04-10 13:28:23.340, 0, 2025-04-10 13:28:23.365, 3.08, 2025-04-10 13:28:23.370, 4.12, 2025-04-10 13:28:23.390, 25.73
2025-04-10 13:28:22.439, 47.49, 2025-04-10 13:28:23.442, 0, 2025-04-10 13:28:23.463, 3.08, 2025-04-10 13:28:23.467, 4.12, 2025-04-10 13:28:23.485, 25.73
2025-04-10 13:28:22.541, 46.73, 2025-04-10 13:28:23.544, 0, 2025-04-10 13:28:23.566, 3.08, 2025-04-10 13:28:23.570, 4.12, 2025-04-10 13:28:23.588, 25.73
2025-04-10 13:28:22.641, 47.73, 2025-04-10 13:28:23.645, 0, 2025-04-10 13:28:23.670, 3.06, 2025-04-10 13:28:23.675, 4.12, 2025-04-10 13:28:23.695, 26.91
2025-04-10 13:28:22.745, 47.61, 2025-04-10 13:28:23.749, 5, 2025-04-10 13:28:23.773, 3.09, 2025-04-10 13:28:23.778, 4.12, 2025-04-10 13:28:23.798, 25.92
2025-04-10 13:28:22.847, 47.86, 2025-04-10 13:28:23.850, 5, 2025-04-10 13:28:23.873, 3.09, 2025-04-10 13:28:23.877, 4.12, 2025-04-10 13:28:23.897, 25.73
2025-04-10 13:28:22.948, 47.59, 2025-04-10 13:28:23.952, 5, 2025-04-10 13:28:23.974, 3.09, 2025-04-10 13:28:23.978, 4.12, 2025-04-10 13:28:23.997, 25.73
2025-04-10 13:28:23.050, 45.98, 2025-04-10 13:28:24.053, 5, 2025-04-10 13:28:24.075, 3.09, 2025-04-10 13:28:24.079, 4.12, 2025-04-10 13:28:24.099, 25.73
2025-04-10 13:28:23.151, 44.58, 2025-04-10 13:28:24.154, 0, 2025-04-10 13:28:24.178, 3.10, 2025-04-10 13:28:24.182, 4.12, 2025-04-10 13:28:24.204, 25.67
2025-04-10 13:28:23.252, 44.97, 2025-04-10 13:28:24.256, 0, 2025-04-10 13:28:24.278, 3.10, 2025-04-10 13:28:24.282, 4.12, 2025-04-10 13:28:24.301, 25.71
2025-04-10 13:28:23.354, 44.58, 2025-04-10 13:28:24.357, 0, 2025-04-10 13:28:24.380, 3.09, 2025-04-10 13:28:24.384, 4.12, 2025-04-10 13:28:24.404, 25.73
2025-04-10 13:28:23.455, 44.61, 2025-04-10 13:28:24.458, 0, 2025-04-10 13:28:24.480, 3.09, 2025-04-10 13:28:24.484, 4.12, 2025-04-10 13:28:24.502, 25.73
2025-04-10 13:28:23.557, 44.05, 2025-04-10 13:28:24.560, 0, 2025-04-10 13:28:24.582, 3.09, 2025-04-10 13:28:24.586, 4.12, 2025-04-10 13:28:24.605, 25.73
2025-04-10 13:28:23.659, 43.36, 2025-04-10 13:28:24.662, 0, 2025-04-10 13:28:24.682, 3.09, 2025-04-10 13:28:24.686, 4.12, 2025-04-10 13:28:24.704, 25.73
2025-04-10 13:28:23.761, 43.00, 2025-04-10 13:28:24.765, 0, 2025-04-10 13:28:24.785, 3.09, 2025-04-10 13:28:24.789, 4.12, 2025-04-10 13:28:24.807, 25.73
2025-04-10 13:28:23.863, 42.53, 2025-04-10 13:28:24.866, 0, 2025-04-10 13:28:24.888, 3.08, 2025-04-10 13:28:24.892, 4.12, 2025-04-10 13:28:24.910, 25.73
2025-04-10 13:28:23.964, 42.42, 2025-04-10 13:28:24.967, 0, 2025-04-10 13:28:24.989, 3.08, 2025-04-10 13:28:24.993, 4.12, 2025-04-10 13:28:25.011, 25.73
2025-04-10 13:28:24.065, 42.50, 2025-04-10 13:28:25.069, 0, 2025-04-10 13:28:25.091, 3.08, 2025-04-10 13:28:25.095, 4.12, 2025-04-10 13:28:25.117, 25.73
2025-04-10 13:28:24.168, 43.11, 2025-04-10 13:28:25.171, 1, 2025-04-10 13:28:25.197, 3.09, 2025-04-10 13:28:25.202, 4.12, 2025-04-10 13:28:25.222, 26.10
2025-04-10 13:28:24.269, 43.11, 2025-04-10 13:28:25.272, 1, 2025-04-10 13:28:25.295, 3.11, 2025-04-10 13:28:25.299, 4.12, 2025-04-10 13:28:25.319, 25.68
2025-04-10 13:28:24.371, 42.96, 2025-04-10 13:28:25.374, 5, 2025-04-10 13:28:25.396, 3.12, 2025-04-10 13:28:25.400, 4.12, 2025-04-10 13:28:25.419, 25.73
2025-04-10 13:28:24.472, 43.07, 2025-04-10 13:28:25.475, 5, 2025-04-10 13:28:25.499, 3.10, 2025-04-10 13:28:25.504, 4.12, 2025-04-10 13:28:25.526, 26.26
2025-04-10 13:28:24.573, 43.47, 2025-04-10 13:28:25.577, 2, 2025-04-10 13:28:25.600, 3.11, 2025-04-10 13:28:25.604, 4.12, 2025-04-10 13:28:25.623, 25.68
2025-04-10 13:28:24.675, 43.29, 2025-04-10 13:28:25.678, 2, 2025-04-10 13:28:25.700, 3.11, 2025-04-10 13:28:25.704, 4.12, 2025-04-10 13:28:25.724, 25.73
2025-04-10 13:28:24.777, 43.65, 2025-04-10 13:28:25.780, 0, 2025-04-10 13:28:25.801, 3.10, 2025-04-10 13:28:25.805, 4.12, 2025-04-10 13:28:25.824, 25.73
2025-04-10 13:28:24.878, 43.75, 2025-04-10 13:28:25.881, 0, 2025-04-10 13:28:25.903, 3.10, 2025-04-10 13:28:25.907, 4.12, 2025-04-10 13:28:25.925, 25.73
2025-04-10 13:28:24.980, 43.75, 2025-04-10 13:28:25.983, 0, 2025-04-10 13:28:26.006, 3.10, 2025-04-10 13:28:26.009, 4.12, 2025-04-10 13:28:26.034, 25.73
2025-04-10 13:28:25.082, 45.98, 2025-04-10 13:28:26.085, 0, 2025-04-10 13:28:26.113, 3.09, 2025-04-10 13:28:26.117, 4.12, 2025-04-10 13:28:26.140, 25.73
2025-04-10 13:28:25.185, 47.86, 2025-04-10 13:28:26.189, 2, 2025-04-10 13:28:26.216, 3.09, 2025-04-10 13:28:26.221, 4.12, 2025-04-10 13:28:26.243, 25.73
2025-04-10 13:28:25.286, 49.37, 2025-04-10 13:28:26.290, 2, 2025-04-10 13:28:26.315, 3.08, 2025-04-10 13:28:26.319, 4.12, 2025-04-10 13:28:26.339, 25.63
2025-04-10 13:28:25.388, 49.49, 2025-04-10 13:28:26.391, 0, 2025-04-10 13:28:26.412, 3.08, 2025-04-10 13:28:26.416, 4.12, 2025-04-10 13:28:26.436, 25.73
2025-04-10 13:28:25.490, 49.75, 2025-04-10 13:28:26.493, 0, 2025-04-10 13:28:26.515, 3.08, 2025-04-10 13:28:26.520, 4.12, 2025-04-10 13:28:26.541, 25.64
2025-04-10 13:28:25.591, 49.49, 2025-04-10 13:28:26.594, 0, 2025-04-10 13:28:26.617, 3.08, 2025-04-10 13:28:26.621, 4.12, 2025-04-10 13:28:26.641, 25.82
2025-04-10 13:28:25.693, 49.62, 2025-04-10 13:28:26.696, 0, 2025-04-10 13:28:26.717, 3.08, 2025-04-10 13:28:26.721, 4.12, 2025-04-10 13:28:26.740, 25.63
2025-04-10 13:28:25.794, 49.12, 2025-04-10 13:28:26.797, 2, 2025-04-10 13:28:26.820, 3.08, 2025-04-10 13:28:26.825, 4.12, 2025-04-10 13:28:26.846, 25.73
2025-04-10 13:28:25.895, 49.87, 2025-04-10 13:28:26.899, 2, 2025-04-10 13:28:26.923, 3.08, 2025-04-10 13:28:26.927, 4.12, 2025-04-10 13:28:26.949, 25.67
2025-04-10 13:28:25.997, 50.25, 2025-04-10 13:28:27.000, 0, 2025-04-10 13:28:27.021, 3.08, 2025-04-10 13:28:27.025, 4.12, 2025-04-10 13:28:27.044, 25.61
2025-04-10 13:28:26.099, 47.47, 2025-04-10 13:28:27.103, 0, 2025-04-10 13:28:27.124, 3.07, 2025-04-10 13:28:27.128, 4.12, 2025-04-10 13:28:27.148, 25.63
2025-04-10 13:28:26.203, 44.33, 2025-04-10 13:28:27.207, 0, 2025-04-10 13:28:27.231, 3.07, 2025-04-10 13:28:27.235, 4.12, 2025-04-10 13:28:27.255, 25.63
2025-04-10 13:28:26.306, 43.47, 2025-04-10 13:28:27.309, 0, 2025-04-10 13:28:27.334, 3.07, 2025-04-10 13:28:27.339, 4.12, 2025-04-10 13:28:27.360, 25.63
2025-04-10 13:28:26.408, 43.47, 2025-04-10 13:28:27.411, 1, 2025-04-10 13:28:27.435, 3.07, 2025-04-10 13:28:27.439, 4.12, 2025-04-10 13:28:27.460, 25.63
2025-04-10 13:28:26.509, 43.94, 2025-04-10 13:28:27.512, 1, 2025-04-10 13:28:27.534, 3.09, 2025-04-10 13:28:27.538, 4.12, 2025-04-10 13:28:27.557, 25.58
2025-04-10 13:28:26.611, 43.89, 2025-04-10 13:28:27.614, 0, 2025-04-10 13:28:27.637, 3.08, 2025-04-10 13:28:27.641, 4.12, 2025-04-10 13:28:27.660, 25.63
2025-04-10 13:28:26.712, 43.89, 2025-04-10 13:28:27.716, 0, 2025-04-10 13:28:27.740, 3.08, 2025-04-10 13:28:27.744, 4.12, 2025-04-10 13:28:27.764, 25.63
2025-04-10 13:28:26.814, 43.75, 2025-04-10 13:28:27.818, 0, 2025-04-10 13:28:27.842, 3.07, 2025-04-10 13:28:27.847, 4.12, 2025-04-10 13:28:27.870, 25.64
2025-04-10 13:28:26.915, 44.00, 2025-04-10 13:28:27.919, 0, 2025-04-10 13:28:27.941, 3.07, 2025-04-10 13:28:27.945, 4.12, 2025-04-10 13:28:27.963, 25.64
2025-04-10 13:28:27.017, 43.47, 2025-04-10 13:28:28.021, 0, 2025-04-10 13:28:28.042, 3.07, 2025-04-10 13:28:28.046, 4.12, 2025-04-10 13:28:28.065, 25.63
2025-04-10 13:28:27.118, 43.36, 2025-04-10 13:28:28.122, 0, 2025-04-10 13:28:28.145, 3.06, 2025-04-10 13:28:28.148, 4.12, 2025-04-10 13:28:28.167, 26.81
2025-04-10 13:28:27.220, 41.15, 2025-04-10 13:28:28.224, 1, 2025-04-10 13:28:28.247, 3.06, 2025-04-10 13:28:28.251, 4.12, 2025-04-10 13:28:28.273, 25.68
2025-04-10 13:28:27.322, 38.25, 2025-04-10 13:28:28.325, 1, 2025-04-10 13:28:28.348, 3.06, 2025-04-10 13:28:28.352, 4.12, 2025-04-10 13:28:28.370, 25.68
2025-04-10 13:28:27.424, 35.26, 2025-04-10 13:28:28.427, 0, 2025-04-10 13:28:28.450, 3.06, 2025-04-10 13:28:28.453, 4.12, 2025-04-10 13:28:28.471, 25.63
2025-04-10 13:28:27.525, 32.33, 2025-04-10 13:28:28.528, 0, 2025-04-10 13:28:28.550, 3.06, 2025-04-10 13:28:28.553, 4.12, 2025-04-10 13:28:28.573, 25.63
2025-04-10 13:28:27.627, 30.25, 2025-04-10 13:28:28.630, 0, 2025-04-10 13:28:28.650, 3.06, 2025-04-10 13:28:28.653, 4.12, 2025-04-10 13:28:28.673, 25.63
2025-04-10 13:28:27.729, 26.88, 2025-04-10 13:28:28.732, 0, 2025-04-10 13:28:28.753, 3.06, 2025-04-10 13:28:28.756, 4.12, 2025-04-10 13:28:28.774, 25.63
2025-04-10 13:28:27.831, 23.74, 2025-04-10 13:28:28.834, 0, 2025-04-10 13:28:28.854, 3.06, 2025-04-10 13:28:28.857, 4.12, 2025-04-10 13:28:28.875, 25.63
2025-04-10 13:28:27.932, 20.60, 2025-04-10 13:28:28.935, 0, 2025-04-10 13:28:28.955, 3.06, 2025-04-10 13:28:28.959, 4.12, 2025-04-10 13:28:28.977, 25.63
2025-04-10 13:28:28.034, 17.88, 2025-04-10 13:28:29.037, 0, 2025-04-10 13:28:29.057, 3.06, 2025-04-10 13:28:29.060, 4.12, 2025-04-10 13:28:29.078, 25.63
2025-04-10 13:28:28.135, 15.83, 2025-04-10 13:28:29.138, 0, 2025-04-10 13:28:29.160, 3.06, 2025-04-10 13:28:29.163, 4.12, 2025-04-10 13:28:29.181, 25.63
2025-04-10 13:28:28.237, 15.83, 2025-04-10 13:28:29.240, 0, 2025-04-10 13:28:29.262, 3.06, 2025-04-10 13:28:29.266, 4.12, 2025-04-10 13:28:29.284, 25.74
2025-04-10 13:28:28.338, 15.75, 2025-04-10 13:28:29.341, 0, 2025-04-10 13:28:29.363, 3.06, 2025-04-10 13:28:29.367, 4.12, 2025-04-10 13:28:29.385, 25.73
2025-04-10 13:28:28.440, 16.25, 2025-04-10 13:28:29.443, 0, 2025-04-10 13:28:29.465, 3.06, 2025-04-10 13:28:29.468, 4.12, 2025-04-10 13:28:29.487, 25.73
2025-04-10 13:28:28.542, 15.83, 2025-04-10 13:28:29.544, 0, 2025-04-10 13:28:29.568, 3.06, 2025-04-10 13:28:29.572, 4.12, 2025-04-10 13:28:29.592, 25.63
2025-04-10 13:28:28.643, 16.29, 2025-04-10 13:28:29.646, 0, 2025-04-10 13:28:29.670, 3.06, 2025-04-10 13:28:29.673, 4.12, 2025-04-10 13:28:29.694, 25.68
2025-04-10 13:28:28.744, 16.08, 2025-04-10 13:28:29.747, 0, 2025-04-10 13:28:29.769, 3.06, 2025-04-10 13:28:29.772, 4.12, 2025-04-10 13:28:29.790, 25.71
2025-04-10 13:28:28.846, 16.08, 2025-04-10 13:28:29.849, 0, 2025-04-10 13:28:29.871, 3.06, 2025-04-10 13:28:29.875, 4.12, 2025-04-10 13:28:29.893, 25.73
2025-04-10 13:28:28.947, 15.91, 2025-04-10 13:28:29.950, 0, 2025-04-10 13:28:29.972, 3.06, 2025-04-10 13:28:29.976, 4.12, 2025-04-10 13:28:29.994, 25.73
2025-04-10 13:28:29.049, 16.12, 2025-04-10 13:28:30.052, 0, 2025-04-10 13:28:30.073, 3.05, 2025-04-10 13:28:30.077, 4.12, 2025-04-10 13:28:30.095, 25.73
2025-04-10 13:28:29.150, 16.12, 2025-04-10 13:28:30.153, 0, 2025-04-10 13:28:30.176, 3.05, 2025-04-10 13:28:30.179, 4.12, 2025-04-10 13:28:30.198, 25.73
2025-04-10 13:28:29.251, 16.33, 2025-04-10 13:28:30.254, 0, 2025-04-10 13:28:30.277, 3.05, 2025-04-10 13:28:30.280, 4.12, 2025-04-10 13:28:30.299, 25.80
2025-04-10 13:28:29.353, 15.95, 2025-04-10 13:28:30.356, 0, 2025-04-10 13:28:30.380, 3.05, 2025-04-10 13:28:30.383, 4.12, 2025-04-10 13:28:30.401, 25.73
2025-04-10 13:28:29.455, 15.91, 2025-04-10 13:28:30.458, 0, 2025-04-10 13:28:30.480, 3.05, 2025-04-10 13:28:30.483, 4.12, 2025-04-10 13:28:30.502, 25.82
2025-04-10 13:28:29.556, 16.54, 2025-04-10 13:28:30.559, 0, 2025-04-10 13:28:30.581, 3.05, 2025-04-10 13:28:30.585, 4.12, 2025-04-10 13:28:30.603, 25.74
2025-04-10 13:28:29.658, 15.62, 2025-04-10 13:28:30.661, 0, 2025-04-10 13:28:30.683, 3.05, 2025-04-10 13:28:30.686, 4.12, 2025-04-10 13:28:30.705, 25.74
2025-04-10 13:28:29.760, 15.62, 2025-04-10 13:28:30.763, 0, 2025-04-10 13:28:30.782, 3.05, 2025-04-10 13:28:30.786, 4.12, 2025-04-10 13:28:30.804, 25.82
2025-04-10 13:28:29.861, 15.79, 2025-04-10 13:28:30.864, 0, 2025-04-10 13:28:30.884, 3.05, 2025-04-10 13:28:30.888, 4.12, 2025-04-10 13:28:30.906, 25.82
2025-04-10 13:28:29.962, 15.70, 2025-04-10 13:28:30.966, 0, 2025-04-10 13:28:30.990, 3.05, 2025-04-10 13:28:30.994, 4.12, 2025-04-10 13:28:31.015, 25.68
2025-04-10 13:28:30.064, 16.12, 2025-04-10 13:28:31.067, 0, 2025-04-10 13:28:31.090, 3.03, 2025-04-10 13:28:31.093, 4.12, 2025-04-10 13:28:31.112, 25.68
2025-04-10 13:28:30.166, 15.79, 2025-04-10 13:28:31.169, 0, 2025-04-10 13:28:31.192, 3.03, 2025-04-10 13:28:31.195, 4.12, 2025-04-10 13:28:31.214, 25.77
2025-04-10 13:28:30.267, 15.66, 2025-04-10 13:28:31.271, 0, 2025-04-10 13:28:31.293, 3.03, 2025-04-10 13:28:31.297, 4.12, 2025-04-10 13:28:31.317, 25.73
2025-04-10 13:28:30.369, 16.12, 2025-04-10 13:28:31.372, 0, 2025-04-10 13:28:31.392, 3.03, 2025-04-10 13:28:31.395, 4.12, 2025-04-10 13:28:31.414, 25.73
2025-04-10 13:28:30.470, 16.33, 2025-04-10 13:28:31.473, 0, 2025-04-10 13:28:31.494, 3.03, 2025-04-10 13:28:31.498, 4.12, 2025-04-10 13:28:31.517, 25.92
2025-04-10 13:28:30.572, 16.08, 2025-04-10 13:28:31.575, 0, 2025-04-10 13:28:31.598, 3.03, 2025-04-10 13:28:31.601, 4.12, 2025-04-10 13:28:31.621, 25.71
2025-04-10 13:28:30.674, 16.41, 2025-04-10 13:28:31.677, 0, 2025-04-10 13:28:31.699, 3.03, 2025-04-10 13:28:31.702, 4.12, 2025-04-10 13:28:31.721, 25.73
2025-04-10 13:28:30.775, 16.16, 2025-04-10 13:28:31.778, 0, 2025-04-10 13:28:31.798, 3.03, 2025-04-10 13:28:31.801, 4.12, 2025-04-10 13:28:31.822, 25.73
2025-04-10 13:28:30.876, 16.08, 2025-04-10 13:28:31.879, 0, 2025-04-10 13:28:31.899, 3.03, 2025-04-10 13:28:31.903, 4.12, 2025-04-10 13:28:31.921, 25.74
2025-04-10 13:28:30.979, 16.16, 2025-04-10 13:28:31.982, 0, 2025-04-10 13:28:32.003, 3.03, 2025-04-10 13:28:32.007, 4.12, 2025-04-10 13:28:32.025, 25.63
2025-04-10 13:28:31.080, 16.42, 2025-04-10 13:28:32.083, 0, 2025-04-10 13:28:32.103, 3.02, 2025-04-10 13:28:32.106, 4.12, 2025-04-10 13:28:32.124, 25.73
2025-04-10 13:28:31.181, 16.37, 2025-04-10 13:28:32.184, 0, 2025-04-10 13:28:32.206, 3.02, 2025-04-10 13:28:32.210, 4.12, 2025-04-10 13:28:32.228, 25.73
2025-04-10 13:28:31.283, 15.87, 2025-04-10 13:28:32.286, 0, 2025-04-10 13:28:32.309, 3.02, 2025-04-10 13:28:32.313, 4.12, 2025-04-10 13:28:32.335, 25.68
2025-04-10 13:28:31.385, 15.91, 2025-04-10 13:28:32.388, 0, 2025-04-10 13:28:32.411, 3.02, 2025-04-10 13:28:32.414, 4.12, 2025-04-10 13:28:32.433, 25.73
2025-04-10 13:28:31.486, 15.95, 2025-04-10 13:28:32.489, 0, 2025-04-10 13:28:32.511, 3.02, 2025-04-10 13:28:32.515, 4.12, 2025-04-10 13:28:32.533, 25.73
2025-04-10 13:28:31.587, 16.12, 2025-04-10 13:28:32.590, 0, 2025-04-10 13:28:32.612, 3.02, 2025-04-10 13:28:32.616, 4.12, 2025-04-10 13:28:32.634, 25.73
2025-04-10 13:28:31.689, 16.96, 2025-04-10 13:28:32.692, 0, 2025-04-10 13:28:32.714, 3.02, 2025-04-10 13:28:32.717, 4.12, 2025-04-10 13:28:32.735, 25.63
2025-04-10 13:28:31.790, 16.12, 2025-04-10 13:28:32.793, 0, 2025-04-10 13:28:32.813, 3.02, 2025-04-10 13:28:32.817, 4.12, 2025-04-10 13:28:32.835, 25.63
2025-04-10 13:28:31.892, 15.66, 2025-04-10 13:28:32.895, 0, 2025-04-10 13:28:32.915, 3.02, 2025-04-10 13:28:32.918, 4.12, 2025-04-10 13:28:32.936, 25.73
2025-04-10 13:28:31.993, 15.70, 2025-04-10 13:28:32.996, 0, 2025-04-10 13:28:33.018, 3.02, 2025-04-10 13:28:33.021, 4.12, 2025-04-10 13:28:33.039, 25.74
2025-04-10 13:28:32.095, 15.48, 2025-04-10 13:28:33.098, 0, 2025-04-10 13:28:33.119, 3.02, 2025-04-10 13:28:33.123, 4.12, 2025-04-10 13:28:33.141, 25.73
2025-04-10 13:28:32.196, 15.66, 2025-04-10 13:28:33.199, 0, 2025-04-10 13:28:33.221, 3.02, 2025-04-10 13:28:33.225, 4.12, 2025-04-10 13:28:33.244, 25.74
2025-04-10 13:28:32.298, 15.74, 2025-04-10 13:28:33.301, 0, 2025-04-10 13:28:33.324, 3.01, 2025-04-10 13:28:33.327, 4.12, 2025-04-10 13:28:33.346, 25.74
2025-04-10 13:28:32.399, 15.62, 2025-04-10 13:28:33.403, 0, 2025-04-10 13:28:33.424, 3.01, 2025-04-10 13:28:33.428, 4.12, 2025-04-10 13:28:33.446, 25.73
2025-04-10 13:28:32.501, 15.48, 2025-04-10 13:28:33.504, 0, 2025-04-10 13:28:33.524, 3.01, 2025-04-10 13:28:33.527, 4.12, 2025-04-10 13:28:33.545, 25.74
2025-04-10 13:28:32.603, 15.58, 2025-04-10 13:28:33.606, 0, 2025-04-10 13:28:33.629, 3.01, 2025-04-10 13:28:33.632, 4.12, 2025-04-10 13:28:33.653, 25.68
2025-04-10 13:28:32.704, 15.79, 2025-04-10 13:28:33.708, 0, 2025-04-10 13:28:33.732, 3.01, 2025-04-10 13:28:33.735, 4.12, 2025-04-10 13:28:33.756, 25.68
2025-04-10 13:28:32.806, 16.33, 2025-04-10 13:28:33.809, 0, 2025-04-10 13:28:33.830, 3.01, 2025-04-10 13:28:33.833, 4.12, 2025-04-10 13:28:33.851, 25.68
2025-04-10 13:28:32.907, 16.12, 2025-04-10 13:28:33.910, 0, 2025-04-10 13:28:33.933, 3.01, 2025-04-10 13:28:33.937, 4.12, 2025-04-10 13:28:33.956, 25.71
2025-04-10 13:28:33.009, 16.33, 2025-04-10 13:28:34.012, 0, 2025-04-10 13:28:34.034, 3.01, 2025-04-10 13:28:34.038, 4.12, 2025-04-10 13:28:34.057, 25.71
2025-04-10 13:28:33.110, 16.29, 2025-04-10 13:28:34.113, 0, 2025-04-10 13:28:34.135, 3.01, 2025-04-10 13:28:34.138, 4.12, 2025-04-10 13:28:34.156, 25.73
2025-04-10 13:28:33.211, 16.58, 2025-04-10 13:28:34.214, 0, 2025-04-10 13:28:34.237, 3.01, 2025-04-10 13:28:34.240, 4.12, 2025-04-10 13:28:34.258, 25.63
2025-04-10 13:28:33.313, 16.16, 2025-04-10 13:28:34.316, 0, 2025-04-10 13:28:34.339, 3.01, 2025-04-10 13:28:34.342, 4.12, 2025-04-10 13:28:34.361, 25.73
2025-04-10 13:28:33.415, 16.50, 2025-04-10 13:28:34.418, 0, 2025-04-10 13:28:34.440, 3.01, 2025-04-10 13:28:34.444, 4.12, 2025-04-10 13:28:34.462, 25.71
2025-04-10 13:28:33.516, 16.50, 2025-04-10 13:28:34.519, 0, 2025-04-10 13:28:34.539, 3.01, 2025-04-10 13:28:34.543, 4.12, 2025-04-10 13:28:34.561, 25.73
2025-04-10 13:28:33.618, 16.08, 2025-04-10 13:28:34.621, 0, 2025-04-10 13:28:34.643, 3.01, 2025-04-10 13:28:34.646, 4.12, 2025-04-10 13:28:34.665, 25.63
2025-04-10 13:28:33.720, 16.04, 2025-04-10 13:28:34.723, 0, 2025-04-10 13:28:34.743, 3.01, 2025-04-10 13:28:34.746, 4.12, 2025-04-10 13:28:34.764, 25.73
2025-04-10 13:28:33.821, 15.83, 2025-04-10 13:28:34.824, 0, 2025-04-10 13:28:34.845, 3.01, 2025-04-10 13:28:34.848, 4.12, 2025-04-10 13:28:34.866, 25.73
2025-04-10 13:28:33.923, 15.79, 2025-04-10 13:28:34.926, 0, 2025-04-10 13:28:34.948, 3.01, 2025-04-10 13:28:34.951, 4.12, 2025-04-10 13:28:34.970, 25.63
2025-04-10 13:28:34.024, 15.62, 2025-04-10 13:28:35.027, 0, 2025-04-10 13:28:35.051, 3.01, 2025-04-10 13:28:35.055, 4.12, 2025-04-10 13:28:35.077, 25.67
2025-04-10 13:28:34.126, 16.29, 2025-04-10 13:28:35.129, 0, 2025-04-10 13:28:35.150, 3.01, 2025-04-10 13:28:35.153, 4.12, 2025-04-10 13:28:35.172, 25.71
2025-04-10 13:28:34.227, 15.87, 2025-04-10 13:28:35.230, 0, 2025-04-10 13:28:35.253, 3.01, 2025-04-10 13:28:35.256, 4.12, 2025-04-10 13:28:35.275, 25.73
2025-04-10 13:28:34.329, 16.04, 2025-04-10 13:28:35.332, 0, 2025-04-10 13:28:35.352, 3.01, 2025-04-10 13:28:35.356, 4.12, 2025-04-10 13:28:35.376, 25.73
2025-04-10 13:28:34.430, 16.04, 2025-04-10 13:28:35.433, 0, 2025-04-10 13:28:35.454, 3.01, 2025-04-10 13:28:35.458, 4.12, 2025-04-10 13:28:35.476, 25.73
2025-04-10 13:28:34.532, 16.12, 2025-04-10 13:28:35.535, 0, 2025-04-10 13:28:35.557, 3.01, 2025-04-10 13:28:35.560, 4.12, 2025-04-10 13:28:35.578, 25.73
2025-04-10 13:28:34.633, 16.25, 2025-04-10 13:28:35.637, 0, 2025-04-10 13:28:35.658, 3.01, 2025-04-10 13:28:35.662, 4.12, 2025-04-10 13:28:35.680, 25.73
2025-04-10 13:28:34.735, 16.08, 2025-04-10 13:28:35.738, 0, 2025-04-10 13:28:35.761, 3.01, 2025-04-10 13:28:35.765, 4.12, 2025-04-10 13:28:35.785, 25.73
2025-04-10 13:28:34.836, 16.29, 2025-04-10 13:28:35.839, 0, 2025-04-10 13:28:35.862, 3.01, 2025-04-10 13:28:35.866, 4.12, 2025-04-10 13:28:35.884, 25.73
2025-04-10 13:28:34.938, 16.12, 2025-04-10 13:28:35.941, 0, 2025-04-10 13:28:35.963, 3.01, 2025-04-10 13:28:35.967, 4.12, 2025-04-10 13:28:35.985, 25.73
2025-04-10 13:28:35.040, 16.25, 2025-04-10 13:28:36.043, 0, 2025-04-10 13:28:36.066, 3.01, 2025-04-10 13:28:36.069, 4.12, 2025-04-10 13:28:36.090, 25.71
2025-04-10 13:28:35.141, 16.50, 2025-04-10 13:28:36.144, 0, 2025-04-10 13:28:36.165, 3.01, 2025-04-10 13:28:36.168, 4.12, 2025-04-10 13:28:36.187, 25.68
2025-04-10 13:28:35.242, 16.12, 2025-04-10 13:28:36.246, 0, 2025-04-10 13:28:36.269, 3.01, 2025-04-10 13:28:36.272, 4.12, 2025-04-10 13:28:36.292, 25.73
2025-04-10 13:28:35.344, 16.29, 2025-04-10 13:28:36.347, 0, 2025-04-10 13:28:36.371, 3.01, 2025-04-10 13:28:36.374, 4.12, 2025-04-10 13:28:36.395, 25.67
2025-04-10 13:28:35.446, 16.58, 2025-04-10 13:28:36.449, 0, 2025-04-10 13:28:36.472, 3.01, 2025-04-10 13:28:36.475, 4.12, 2025-04-10 13:28:36.494, 25.68
2025-04-10 13:28:35.547, 16.58, 2025-04-10 13:28:36.550, 0, 2025-04-10 13:28:36.573, 3.01, 2025-04-10 13:28:36.576, 4.12, 2025-04-10 13:28:36.595, 25.73
2025-04-10 13:28:35.648, 16.58, 2025-04-10 13:28:36.651, 0, 2025-04-10 13:28:36.674, 3.01, 2025-04-10 13:28:36.677, 4.12, 2025-04-10 13:28:36.695, 25.63
2025-04-10 13:28:35.751, 16.62, 2025-04-10 13:28:36.754, 0, 2025-04-10 13:28:36.775, 3.01, 2025-04-10 13:28:36.779, 4.12, 2025-04-10 13:28:36.799, 25.63
2025-04-10 13:28:35.852, 16.54, 2025-04-10 13:28:36.855, 0, 2025-04-10 13:28:36.877, 3.01, 2025-04-10 13:28:36.880, 4.12, 2025-04-10 13:28:36.898, 25.63
2025-04-10 13:28:35.953, 16.16, 2025-04-10 13:28:36.956, 0, 2025-04-10 13:28:36.978, 3.01, 2025-04-10 13:28:36.982, 4.12, 2025-04-10 13:28:37.000, 25.63
2025-04-10 13:28:36.055, 16.75, 2025-04-10 13:28:37.058, 0, 2025-04-10 13:28:37.080, 3.01, 2025-04-10 13:28:37.083, 4.12, 2025-04-10 13:28:37.101, 25.63
2025-04-10 13:28:36.157, 16.08, 2025-04-10 13:28:37.160, 0, 2025-04-10 13:28:37.181, 3.01, 2025-04-10 13:28:37.184, 4.12, 2025-04-10 13:28:37.202, 25.63
2025-04-10 13:28:36.258, 16.50, 2025-04-10 13:28:37.262, 0, 2025-04-10 13:28:37.284, 3.01, 2025-04-10 13:28:37.287, 4.12, 2025-04-10 13:28:37.306, 25.63
2025-04-10 13:28:36.360, 16.29, 2025-04-10 13:28:37.363, 0, 2025-04-10 13:28:37.385, 3.01, 2025-04-10 13:28:37.388, 4.12, 2025-04-10 13:28:37.406, 25.54
2025-04-10 13:28:36.461, 16.21, 2025-04-10 13:28:37.465, 0, 2025-04-10 13:28:37.486, 3.01, 2025-04-10 13:28:37.490, 4.12, 2025-04-10 13:28:37.508, 25.63
2025-04-10 13:28:36.563, 15.83, 2025-04-10 13:28:37.566, 0, 2025-04-10 13:28:37.588, 3.01, 2025-04-10 13:28:37.591, 4.12, 2025-04-10 13:28:37.609, 25.63
2025-04-10 13:28:36.665, 15.83, 2025-04-10 13:28:37.668, 0, 2025-04-10 13:28:37.690, 3.01, 2025-04-10 13:28:37.693, 4.12, 2025-04-10 13:28:37.714, 25.63
2025-04-10 13:28:36.766, 16.33, 2025-04-10 13:28:37.769, 0, 2025-04-10 13:28:37.793, 3.01, 2025-04-10 13:28:37.797, 4.12, 2025-04-10 13:28:37.818, 25.68
2025-04-10 13:28:36.868, 16.71, 2025-04-10 13:28:37.871, 0, 2025-04-10 13:28:37.893, 3.01, 2025-04-10 13:28:37.897, 4.12, 2025-04-10 13:28:37.915, 25.63
2025-04-10 13:28:36.969, 16.50, 2025-04-10 13:28:37.972, 0, 2025-04-10 13:28:37.994, 3.01, 2025-04-10 13:28:37.998, 4.12, 2025-04-10 13:28:38.018, 25.63
2025-04-10 13:28:37.071, 16.62, 2025-04-10 13:28:38.074, 0, 2025-04-10 13:28:38.097, 3.01, 2025-04-10 13:28:38.101, 4.12, 2025-04-10 13:28:38.119, 25.63
2025-04-10 13:28:37.172, 16.79, 2025-04-10 13:28:38.175, 0, 2025-04-10 13:28:38.197, 3.01, 2025-04-10 13:28:38.201, 4.12, 2025-04-10 13:28:38.219, 25.63
2025-04-10 13:28:37.273, 16.54, 2025-04-10 13:28:38.277, 0, 2025-04-10 13:28:38.299, 3.01, 2025-04-10 13:28:38.303, 4.12, 2025-04-10 13:28:38.321, 25.63
2025-04-10 13:28:37.375, 17.00, 2025-04-10 13:28:38.378, 0, 2025-04-10 13:28:38.398, 3.01, 2025-04-10 13:28:38.402, 4.12, 2025-04-10 13:28:38.420, 25.63
2025-04-10 13:28:37.477, 16.50, 2025-04-10 13:28:38.480, 0, 2025-04-10 13:28:38.502, 3.01, 2025-04-10 13:28:38.506, 4.12, 2025-04-10 13:28:38.525, 25.63
2025-04-10 13:28:37.578, 16.96, 2025-04-10 13:28:38.581, 0, 2025-04-10 13:28:38.604, 3.01, 2025-04-10 13:28:38.608, 4.12, 2025-04-10 13:28:38.627, 25.63
2025-04-10 13:28:37.680, 16.75, 2025-04-10 13:28:38.683, 0, 2025-04-10 13:28:38.705, 3.01, 2025-04-10 13:28:38.709, 4.12, 2025-04-10 13:28:38.729, 25.64
2025-04-10 13:28:37.782, 16.20, 2025-04-10 13:28:38.785, 0, 2025-04-10 13:28:38.807, 3.01, 2025-04-10 13:28:38.811, 4.12, 2025-04-10 13:28:38.829, 25.60
2025-04-10 13:28:37.883, 16.08, 2025-04-10 13:28:38.886, 0, 2025-04-10 13:28:38.909, 3.01, 2025-04-10 13:28:38.912, 4.12, 2025-04-10 13:28:38.932, 25.68
2025-04-10 13:28:37.985, 16.96, 2025-04-10 13:28:38.988, 0, 2025-04-10 13:28:39.010, 3.01, 2025-04-10 13:28:39.014, 4.12, 2025-04-10 13:28:39.035, 25.64
2025-04-10 13:28:38.086, 16.62, 2025-04-10 13:28:39.090, 0, 2025-04-10 13:28:39.113, 3.01, 2025-04-10 13:28:39.117, 4.12, 2025-04-10 13:28:39.139, 25.67
2025-04-10 13:28:38.188, 16.83, 2025-04-10 13:28:39.191, 0, 2025-04-10 13:28:39.212, 3.01, 2025-04-10 13:28:39.216, 4.12, 2025-04-10 13:28:39.234, 25.68
2025-04-10 13:28:38.290, 16.96, 2025-04-10 13:28:39.293, 0, 2025-04-10 13:28:39.315, 3.01, 2025-04-10 13:28:39.318, 4.12, 2025-04-10 13:28:39.337, 25.63
2025-04-10 13:28:38.391, 16.83, 2025-04-10 13:28:39.394, 0, 2025-04-10 13:28:39.416, 3.01, 2025-04-10 13:28:39.419, 4.12, 2025-04-10 13:28:39.438, 25.63
2025-04-10 13:28:38.492, 16.83, 2025-04-10 13:28:39.495, 0, 2025-04-10 13:28:39.517, 3.01, 2025-04-10 13:28:39.521, 4.12, 2025-04-10 13:28:39.539, 25.63
2025-04-10 13:28:38.594, 16.79, 2025-04-10 13:28:39.597, 0, 2025-04-10 13:28:39.619, 3.01, 2025-04-10 13:28:39.623, 4.12, 2025-04-10 13:28:39.641, 25.63
2025-04-10 13:28:38.696, 16.71, 2025-04-10 13:28:39.699, 0, 2025-04-10 13:28:39.722, 3.01, 2025-04-10 13:28:39.725, 4.12, 2025-04-10 13:28:39.745, 25.61
2025-04-10 13:28:38.797, 16.16, 2025-04-10 13:28:39.800, 0, 2025-04-10 13:28:39.823, 3.01, 2025-04-10 13:28:39.826, 4.12, 2025-04-10 13:28:39.845, 25.57
2025-04-10 13:28:38.899, 16.96, 2025-04-10 13:28:39.902, 0, 2025-04-10 13:28:39.926, 3.01, 2025-04-10 13:28:39.929, 4.12, 2025-04-10 13:28:39.950, 25.63
2025-04-10 13:28:39.001, 16.37, 2025-04-10 13:28:40.004, 0, 2025-04-10 13:28:40.026, 3.01, 2025-04-10 13:28:40.030, 4.12, 2025-04-10 13:28:40.048, 25.63
2025-04-10 13:28:39.102, 16.75, 2025-04-10 13:28:40.106, 0, 2025-04-10 13:28:40.126, 3.00, 2025-04-10 13:28:40.129, 4.12, 2025-04-10 13:28:40.147, 25.64
2025-04-10 13:28:39.204, 16.37, 2025-04-10 13:28:40.207, 0, 2025-04-10 13:28:40.227, 3.00, 2025-04-10 13:28:40.230, 4.12, 2025-04-10 13:28:40.248, 25.63
2025-04-10 13:28:39.305, 16.08, 2025-04-10 13:28:40.308, 0, 2025-04-10 13:28:40.331, 3.00, 2025-04-10 13:28:40.334, 4.12, 2025-04-10 13:28:40.353, 25.63
2025-04-10 13:28:39.407, 16.08, 2025-04-10 13:28:40.410, 0, 2025-04-10 13:28:40.433, 3.00, 2025-04-10 13:28:40.436, 4.12, 2025-04-10 13:28:40.457, 25.73
2025-04-10 13:28:39.508, 16.12, 2025-04-10 13:28:40.512, 0, 2025-04-10 13:28:40.535, 3.00, 2025-04-10 13:28:40.539, 4.12, 2025-04-10 13:28:40.557, 25.67
2025-04-10 13:28:39.610, 16.58, 2025-04-10 13:28:40.613, 0, 2025-04-10 13:28:40.635, 3.00, 2025-04-10 13:28:40.639, 4.12, 2025-04-10 13:28:40.657, 25.73
2025-04-10 13:28:39.711, 16.37, 2025-04-10 13:28:40.714, 0, 2025-04-10 13:28:40.736, 3.00, 2025-04-10 13:28:40.740, 4.12, 2025-04-10 13:28:40.758, 25.73
2025-04-10 13:28:39.813, 16.29, 2025-04-10 13:28:40.816, 0, 2025-04-10 13:28:40.838, 3.00, 2025-04-10 13:28:40.842, 4.12, 2025-04-10 13:28:40.860, 25.73
2025-04-10 13:28:39.915, 15.87, 2025-04-10 13:28:40.918, 0, 2025-04-10 13:28:40.940, 3.00, 2025-04-10 13:28:40.943, 4.12, 2025-04-10 13:28:40.961, 25.73
2025-04-10 13:28:40.016, 16.08, 2025-04-10 13:28:41.019, 0, 2025-04-10 13:28:41.039, 3.00, 2025-04-10 13:28:41.043, 4.12, 2025-04-10 13:28:41.061, 25.73
2025-04-10 13:28:40.118, 15.62, 2025-04-10 13:28:41.121, 0, 2025-04-10 13:28:41.143, 3.00, 2025-04-10 13:28:41.146, 4.12, 2025-04-10 13:28:41.164, 25.73
2025-04-10 13:28:40.219, 15.79, 2025-04-10 13:28:41.222, 0, 2025-04-10 13:28:41.242, 3.00, 2025-04-10 13:28:41.246, 4.12, 2025-04-10 13:28:41.266, 25.73
2025-04-10 13:28:40.321, 16.33, 2025-04-10 13:28:41.324, 0, 2025-04-10 13:28:41.346, 3.00, 2025-04-10 13:28:41.350, 4.12, 2025-04-10 13:28:41.368, 25.73
2025-04-10 13:28:40.423, 16.04, 2025-04-10 13:28:41.426, 0, 2025-04-10 13:28:41.446, 3.00, 2025-04-10 13:28:41.449, 4.12, 2025-04-10 13:28:41.467, 25.74
2025-04-10 13:28:40.524, 16.00, 2025-04-10 13:28:41.527, 0, 2025-04-10 13:28:41.549, 3.00, 2025-04-10 13:28:41.553, 4.12, 2025-04-10 13:28:41.571, 25.74
2025-04-10 13:28:40.626, 15.58, 2025-04-10 13:28:41.629, 0, 2025-04-10 13:28:41.651, 3.01, 2025-04-10 13:28:41.655, 4.12, 2025-04-10 13:28:41.673, 25.82
2025-04-10 13:28:40.727, 15.37, 2025-04-10 13:28:41.730, 0, 2025-04-10 13:28:41.753, 3.01, 2025-04-10 13:28:41.756, 4.12, 2025-04-10 13:28:41.775, 25.82
2025-04-10 13:28:40.829, 15.79, 2025-04-10 13:28:41.832, 0, 2025-04-10 13:28:41.856, 3.01, 2025-04-10 13:28:41.860, 4.12, 2025-04-10 13:28:41.881, 25.60
2025-04-10 13:28:40.931, 15.83, 2025-04-10 13:28:41.934, 0, 2025-04-10 13:28:41.957, 3.01, 2025-04-10 13:28:41.960, 4.12, 2025-04-10 13:28:41.979, 25.60
2025-04-10 13:28:41.032, 16.25, 2025-04-10 13:28:42.035, 0, 2025-04-10 13:28:42.056, 3.01, 2025-04-10 13:28:42.059, 4.12, 2025-04-10 13:28:42.078, 25.60
2025-04-10 13:28:41.133, 16.25, 2025-04-10 13:28:42.136, 0, 2025-04-10 13:28:42.159, 3.01, 2025-04-10 13:28:42.162, 4.12, 2025-04-10 13:28:42.183, 25.73
2025-04-10 13:28:41.235, 16.58, 2025-04-10 13:28:42.238, 0, 2025-04-10 13:28:42.258, 3.01, 2025-04-10 13:28:42.261, 4.12, 2025-04-10 13:28:42.279, 25.73
2025-04-10 13:28:41.336, 15.91, 2025-04-10 13:28:42.339, 0, 2025-04-10 13:28:42.362, 3.01, 2025-04-10 13:28:42.365, 4.12, 2025-04-10 13:28:42.383, 25.73
2025-04-10 13:28:41.438, 16.08, 2025-04-10 13:28:42.441, 0, 2025-04-10 13:28:42.460, 3.01, 2025-04-10 13:28:42.464, 4.12, 2025-04-10 13:28:42.482, 25.73
2025-04-10 13:28:41.539, 15.87, 2025-04-10 13:28:42.542, 0, 2025-04-10 13:28:42.565, 3.00, 2025-04-10 13:28:42.568, 4.12, 2025-04-10 13:28:42.586, 25.73
2025-04-10 13:28:41.641, 15.91, 2025-04-10 13:28:42.644, 0, 2025-04-10 13:28:42.666, 3.00, 2025-04-10 13:28:42.670, 4.12, 2025-04-10 13:28:42.688, 25.73
2025-04-10 13:28:41.742, 15.91, 2025-04-10 13:28:42.745, 0, 2025-04-10 13:28:42.767, 3.00, 2025-04-10 13:28:42.770, 4.12, 2025-04-10 13:28:42.789, 25.63
2025-04-10 13:28:41.844, 15.91, 2025-04-10 13:28:42.848, 0, 2025-04-10 13:28:42.870, 3.00, 2025-04-10 13:28:42.873, 4.12, 2025-04-10 13:28:42.892, 25.61
2025-04-10 13:28:41.946, 16.04, 2025-04-10 13:28:42.949, 0, 2025-04-10 13:28:42.972, 3.01, 2025-04-10 13:28:42.976, 4.12, 2025-04-10 13:28:42.996, 25.63
2025-04-10 13:28:42.047, 15.87, 2025-04-10 13:28:43.050, 0, 2025-04-10 13:28:43.072, 3.01, 2025-04-10 13:28:43.076, 4.12, 2025-04-10 13:28:43.096, 25.63
2025-04-10 13:28:42.149, 15.87, 2025-04-10 13:28:43.152, 0, 2025-04-10 13:28:43.176, 3.00, 2025-04-10 13:28:43.179, 4.12, 2025-04-10 13:28:43.201, 25.67
2025-04-10 13:28:42.250, 16.08, 2025-04-10 13:28:43.254, 0, 2025-04-10 13:28:43.277, 3.00, 2025-04-10 13:28:43.280, 4.12, 2025-04-10 13:28:43.301, 25.61
2025-04-10 13:28:42.352, 16.37, 2025-04-10 13:28:43.355, 0, 2025-04-10 13:28:43.378, 3.00, 2025-04-10 13:28:43.381, 4.12, 2025-04-10 13:28:43.399, 25.64
2025-04-10 13:28:42.453, 16.58, 2025-04-10 13:28:43.456, 0, 2025-04-10 13:28:43.479, 3.00, 2025-04-10 13:28:43.482, 4.12, 2025-04-10 13:28:43.500, 25.74
2025-04-10 13:28:42.555, 16.41, 2025-04-10 13:28:43.558, 0, 2025-04-10 13:28:43.580, 3.00, 2025-04-10 13:28:43.583, 4.12, 2025-04-10 13:28:43.603, 25.74
2025-04-10 13:28:42.656, 16.83, 2025-04-10 13:28:43.659, 0, 2025-04-10 13:28:43.679, 3.00, 2025-04-10 13:28:43.682, 4.12, 2025-04-10 13:28:43.700, 25.64
2025-04-10 13:28:42.758, 16.54, 2025-04-10 13:28:43.761, 0, 2025-04-10 13:28:43.783, 3.00, 2025-04-10 13:28:43.787, 4.12, 2025-04-10 13:28:43.805, 25.63
2025-04-10 13:28:42.859, 16.16, 2025-04-10 13:28:43.862, 0, 2025-04-10 13:28:43.884, 3.00, 2025-04-10 13:28:43.888, 4.12, 2025-04-10 13:28:43.906, 25.64
2025-04-10 13:28:42.961, 16.29, 2025-04-10 13:28:43.964, 0, 2025-04-10 13:28:43.986, 3.00, 2025-04-10 13:28:43.990, 4.12, 2025-04-10 13:28:44.008, 25.73
2025-04-10 13:28:43.063, 16.12, 2025-04-10 13:28:44.066, 0, 2025-04-10 13:28:44.086, 3.00, 2025-04-10 13:28:44.089, 4.12, 2025-04-10 13:28:44.107, 25.73
2025-04-10 13:28:43.164, 16.16, 2025-04-10 13:28:44.168, 0, 2025-04-10 13:28:44.190, 3.00, 2025-04-10 13:28:44.193, 4.12, 2025-04-10 13:28:44.211, 25.64
2025-04-10 13:28:43.266, 15.40, 2025-04-10 13:28:44.269, 0, 2025-04-10 13:28:44.289, 3.00, 2025-04-10 13:28:44.293, 4.12, 2025-04-10 13:28:44.311, 25.63
2025-04-10 13:28:43.367, 15.58, 2025-04-10 13:28:44.370, 0, 2025-04-10 13:28:44.393, 3.00, 2025-04-10 13:28:44.396, 4.12, 2025-04-10 13:28:44.415, 25.73
2025-04-10 13:28:43.469, 15.62, 2025-04-10 13:28:44.472, 0, 2025-04-10 13:28:44.495, 3.00, 2025-04-10 13:28:44.499, 4.12, 2025-04-10 13:28:44.520, 25.68
2025-04-10 13:28:43.571, 15.83, 2025-04-10 13:28:44.574, 0, 2025-04-10 13:28:44.598, 3.00, 2025-04-10 13:28:44.601, 4.12, 2025-04-10 13:28:44.621, 25.60
2025-04-10 13:28:43.672, 16.08, 2025-04-10 13:28:44.675, 0, 2025-04-10 13:28:44.699, 3.00, 2025-04-10 13:28:44.702, 4.12, 2025-04-10 13:28:44.724, 25.63
2025-04-10 13:28:43.773, 16.75, 2025-04-10 13:28:44.776, 0, 2025-04-10 13:28:44.799, 3.00, 2025-04-10 13:28:44.803, 4.12, 2025-04-10 13:28:44.821, 25.63
2025-04-10 13:28:43.875, 16.79, 2025-04-10 13:28:44.878, 0, 2025-04-10 13:28:44.901, 3.00, 2025-04-10 13:28:44.904, 4.12, 2025-04-10 13:28:44.923, 25.63
2025-04-10 13:28:43.976, 16.41, 2025-04-10 13:28:44.979, 0, 2025-04-10 13:28:45.001, 3.00, 2025-04-10 13:28:45.005, 4.12, 2025-04-10 13:28:45.023, 25.63
2025-04-10 13:28:44.078, 16.79, 2025-04-10 13:28:45.081, 0, 2025-04-10 13:28:45.102, 2.99, 2025-04-10 13:28:45.105, 4.12, 2025-04-10 13:28:45.125, 25.63
